motif_id	motif_alt_id	sequence_name	start	stop	strand	score	p-value	q-value	matched_sequence
1-crebA		RpS2_FBtr0079905	4	10	-	12.4286	4.39e-05	0.931	GACGTGG
1-crebA		RpS20_FBtr0083964	107	113	-	12.4286	4.39e-05	0.931	GACGTGG
1-crebA		RpL23_FBtr0071897	765	771	+	12.4286	4.39e-05	0.931	GACGTGG
1-crebA		RpL24_FBtr0345449	98	104	-	12.1429	0.000151	0.931	TACGTGG
1-crebA		RpL24_FBtr0080524	137	143	-	12.1429	0.000151	0.931	TACGTGG
1-crebA		RpS5a_FBtr0074406	144	150	+	12.1429	0.000151	0.931	TACGTGG
1-crebA		RpL17_FBtr0070980	308	314	+	12.1429	0.000151	0.931	GACGTGT
1-crebA		RpL17_FBtr0070983	375	381	+	12.1429	0.000151	0.931	GACGTGT
1-crebA		RpS24_FBtr0071935	463	469	-	12.1429	0.000151	0.931	GACGTGT
1-crebA		RpL3_FBtr0082347	516	522	-	12.1429	0.000151	0.931	GACGTGT
1-crebA		RpS28b_FBtr0071360	840	846	-	12.1429	0.000151	0.931	GACGTGT
1-crebA		RpL24-like_FBtr0082403	989	995	-	12.1429	0.000151	0.931	TACGTGG
1-crebA		RpL17_FBtr0345292	103	109	-	11.8571	0.000216	0.931	TACGTGT
1-crebA		RpL18_FBtr0076892	105	111	-	11.8571	0.000216	0.931	TACGTGT
1-crebA		RpS20_FBtr0083964	129	135	-	11.8571	0.000216	0.931	TACGTGT
1-crebA		RpS19a_FBtr0345129	136	142	+	11.8571	0.000216	0.931	TACGTGT
1-crebA		RpL18_FBtr0333370	137	143	-	11.8571	0.000216	0.931	TACGTGT
1-crebA		RpL18_FBtr0345036	199	205	-	11.8571	0.000216	0.931	TACGTGT
1-crebA		RpL23_FBtr0071897	255	261	-	11.8571	0.000216	0.931	TACGTGT
1-crebA		RpS19a_FBtr0340149	383	389	+	11.8571	0.000216	0.931	TACGTGT
1-crebA		RpS15Aa_FBtr0073792	395	401	-	11.8571	0.000216	0.931	TACGTGT
1-crebA		RpL17_FBtr0345292	402	408	-	11.8571	0.000216	0.931	TACGTGT
1-crebA		RpS15Aa_FBtr0073793	462	468	-	11.8571	0.000216	0.931	TACGTGT
1-crebA		RpS29_FBtr0082136	826	832	+	11.8571	0.000216	0.931	TACGTGT
1-crebA		RpS29_FBtr0334681	881	887	+	11.8571	0.000216	0.931	TACGTGT
1-crebA		RpL30_FBtr0302491	82	88	+	3.63265	0.000411	0.931	AACGTGG
1-crebA		RpS9_FBtr0076425	114	120	+	3.63265	0.000411	0.931	CACGTGG
1-crebA		RpS7_FBtr0339183	131	137	+	3.63265	0.000411	0.931	GACGTGC
1-crebA		RpL30_FBtr0081181	151	157	+	3.63265	0.000411	0.931	AACGTGG
1-crebA		RpL28_FBtr0073098	182	188	-	3.63265	0.000411	0.931	GACGTGA
1-crebA		RpL5_FBtr0344793	209	215	+	3.63265	0.000411	0.931	CACGTGG
1-crebA		RpL28_FBtr0073097	207	213	-	3.63265	0.000411	0.931	AACGTGG
1-crebA		RpL28_FBtr0073095	209	215	-	3.63265	0.000411	0.931	AACGTGG
1-crebA		RpS2_FBtr0345436	247	253	+	3.63265	0.000411	0.931	CACGTGG
1-crebA		RpL27A_FBtr0335136	254	260	-	3.63265	0.000411	0.931	CACGTGG
1-crebA		RpL28_FBtr0306567	255	261	-	3.63265	0.000411	0.931	AACGTGG
1-crebA		RpL35_FBtr0070801	268	274	+	3.63265	0.000411	0.931	GACGTGA
1-crebA		RpS2_FBtr0079905	278	284	+	3.63265	0.000411	0.931	CACGTGG
1-crebA		RpL27A_FBtr0345285	274	280	-	3.63265	0.000411	0.931	CACGTGG
1-crebA		RpL23A_FBtr0072805	282	288	+	3.63265	0.000411	0.931	CACGTGG
1-crebA		RpS17_FBtr0076479	287	293	+	3.63265	0.000411	0.931	CACGTGG
1-crebA		RpL35A_FBtr0078769	291	297	+	3.63265	0.000411	0.931	CACGTGG
1-crebA		RpL18_FBtr0076892	291	297	+	3.63265	0.000411	0.931	CACGTGG
1-crebA		RpL27A_FBtr0077452	301	307	-	3.63265	0.000411	0.931	CACGTGG
1-crebA		RpS24_FBtr0071935	314	320	-	3.63265	0.000411	0.931	CACGTGG
1-crebA		RpL18_FBtr0333370	323	329	+	3.63265	0.000411	0.931	CACGTGG
1-crebA		RpS18_FBtr0086274	358	364	+	3.63265	0.000411	0.931	AACGTGG
1-crebA		RpL28_FBtr0073097	368	374	+	3.63265	0.000411	0.931	CACGTGG
1-crebA		RpL28_FBtr0073095	370	376	+	3.63265	0.000411	0.931	CACGTGG
1-crebA		RpL18_FBtr0345036	385	391	+	3.63265	0.000411	0.931	CACGTGG
1-crebA		RpL5_FBtr0332633	406	412	+	3.63265	0.000411	0.931	CACGTGG
1-crebA		RpL11_FBtr0086533	409	415	+	3.63265	0.000411	0.931	GACGTGC
1-crebA		RpL28_FBtr0306567	416	422	+	3.63265	0.000411	0.931	CACGTGG
1-crebA		RpL22-like_FBtr0072049	423	429	-	3.63265	0.000411	0.931	CACGTGG
1-crebA		RpL18_FBtr0076892	441	447	+	3.63265	0.000411	0.931	AACGTGG
1-crebA		RpL29_FBtr0071592	442	448	+	3.63265	0.000411	0.931	CACGTGG
1-crebA		RpS17_FBtr0076479	442	448	+	3.63265	0.000411	0.931	AACGTGG
1-crebA		RpL5_FBtr0111129	443	449	+	3.63265	0.000411	0.931	CACGTGG
1-crebA		RpL17_FBtr0345292	439	445	-	3.63265	0.000411	0.931	AACGTGG
1-crebA		RpL32_FBtr0085592	447	453	+	3.63265	0.000411	0.931	CACGTGG
1-crebA		RpS18_FBtr0086273	449	455	+	3.63265	0.000411	0.931	AACGTGG
1-crebA		RpL30_FBtr0302491	453	459	-	3.63265	0.000411	0.931	AACGTGG
1-crebA		RpL17_FBtr0070980	463	469	+	3.63265	0.000411	0.931	AACGTGG
1-crebA		RpL32_FBtr0085593	468	474	+	3.63265	0.000411	0.931	CACGTGG
1-crebA		RpL18_FBtr0333370	473	479	+	3.63265	0.000411	0.931	AACGTGG
1-crebA		RpS5a_FBtr0345132	470	476	-	3.63265	0.000411	0.931	AACGTGG
1-crebA		RpL13_FBtr0100164	479	485	+	3.63265	0.000411	0.931	GACGTGA
1-crebA		RpS28b_FBtr0071360	478	484	-	3.63265	0.000411	0.931	GACGTGA
1-crebA		RpS21_FBtr0335131	484	490	-	3.63265	0.000411	0.931	GACGTGA
1-crebA		RpL13_FBtr0079888	496	502	+	3.63265	0.000411	0.931	GACGTGA
1-crebA		RpL35_FBtr0070800	522	528	+	3.63265	0.000411	0.931	GACGTGA
1-crebA		RpS3_FBtr0084410	520	526	-	3.63265	0.000411	0.931	AACGTGG
1-crebA		RpL30_FBtr0081181	522	528	-	3.63265	0.000411	0.931	AACGTGG
1-crebA		RpL17_FBtr0070983	530	536	+	3.63265	0.000411	0.931	AACGTGG
1-crebA		RpS21_FBtr0273293	525	531	-	3.63265	0.000411	0.931	GACGTGA
1-crebA		RpL18_FBtr0345036	535	541	+	3.63265	0.000411	0.931	AACGTGG
1-crebA		RpS5b_FBtr0083006	537	543	+	3.63265	0.000411	0.931	GACGTGC
1-crebA		RpL32_FBtr0085594	540	546	+	3.63265	0.000411	0.931	CACGTGG
1-crebA		RpL24_FBtr0345449	539	545	-	3.63265	0.000411	0.931	CACGTGG
1-crebA		RpL35_FBtr0070801	543	549	-	3.63265	0.000411	0.931	CACGTGG
1-crebA		RpL23_FBtr0071897	549	555	-	3.63265	0.000411	0.931	AACGTGG
1-crebA		RpL37A_FBtr0079017	554	560	-	3.63265	0.000411	0.931	AACGTGG
1-crebA		RpS4_FBtr0075885	561	567	-	3.63265	0.000411	0.931	CACGTGG
1-crebA		RpL8_FBtr0072924	564	570	-	3.63265	0.000411	0.931	CACGTGG
1-crebA		RpL24_FBtr0080524	578	584	-	3.63265	0.000411	0.931	CACGTGG
1-crebA		RpL40_FBtr0077470	597	603	+	3.63265	0.000411	0.931	AACGTGG
1-crebA		RpL18A_FBtr0086947	600	606	+	3.63265	0.000411	0.931	GACGTGC
1-crebA		RpL35_FBtr0345788	601	607	+	3.63265	0.000411	0.931	GACGTGA
1-crebA		RpL37A_FBtr0302570	597	603	-	3.63265	0.000411	0.931	AACGTGG
1-crebA		RpS4_FBtr0075884	606	612	-	3.63265	0.000411	0.931	CACGTGG
1-crebA		RpL28_FBtr0302300	665	671	-	3.63265	0.000411	0.931	AACGTGG
1-crebA		RpL13_FBtr0100164	701	707	+	3.63265	0.000411	0.931	CACGTGG
1-crebA		RpL10Ab_FBtr0076032	704	710	+	3.63265	0.000411	0.931	AACGTGG
1-crebA		RpL13_FBtr0100164	700	706	-	3.63265	0.000411	0.931	CACGTGG
1-crebA		RpL14_FBtr0076633	713	719	+	3.63265	0.000411	0.931	CACGTGG
1-crebA		RpL13_FBtr0079888	718	724	+	3.63265	0.000411	0.931	CACGTGG
1-crebA		RpL3_FBtr0082347	712	718	-	3.63265	0.000411	0.931	CACGTGG
1-crebA		RpL13_FBtr0079888	717	723	-	3.63265	0.000411	0.931	CACGTGG
1-crebA		RpS14a_FBtr0071094	727	733	+	3.63265	0.000411	0.931	CACGTGG
1-crebA		RpS10a_FBtr0085194	731	737	+	3.63265	0.000411	0.931	CACGTGG
1-crebA		RpL35_FBtr0070800	797	803	-	3.63265	0.000411	0.931	CACGTGG
1-crebA		RpL28_FBtr0302300	826	832	+	3.63265	0.000411	0.931	CACGTGG
1-crebA		RpL28_FBtr0073098	872	878	-	3.63265	0.000411	0.931	AACGTGG
1-crebA		RpL35_FBtr0345788	876	882	-	3.63265	0.000411	0.931	CACGTGG
1-crebA		RpL24-like_FBtr0082403	885	891	+	3.63265	0.000411	0.931	GACGTGC
1-crebA		RpS10b_FBtr0344339	889	895	+	3.63265	0.000411	0.931	GACGTGC
1-crebA		RpL41_FBtr0100231	30	36	+	3.34694	0.000648	0.931	TACGTGA
1-crebA		RpL35_FBtr0070800	56	62	-	3.34694	0.000648	0.931	AACGTGT
1-crebA		RpL27_FBtr0084932	87	93	-	3.34694	0.000648	0.931	AACGTGT
1-crebA		RpS26_FBtr0081090	97	103	-	3.34694	0.000648	0.931	TACGTGC
1-crebA		RpL28_FBtr0073097	103	109	+	3.34694	0.000648	0.931	CACGTGT
1-crebA		RpL28_FBtr0073095	105	111	+	3.34694	0.000648	0.931	CACGTGT
1-crebA		RpL28_FBtr0073097	102	108	-	3.34694	0.000648	0.931	CACGTGT
1-crebA		RpL28_FBtr0073095	104	110	-	3.34694	0.000648	0.931	CACGTGT
1-crebA		RpS9_FBtr0076425	113	119	-	3.34694	0.000648	0.931	CACGTGT
1-crebA		RpL35_FBtr0345788	135	141	-	3.34694	0.000648	0.931	AACGTGT
1-crebA		RpL28_FBtr0306567	151	157	+	3.34694	0.000648	0.931	CACGTGT
1-crebA		RpS26_FBtr0081091	146	152	-	3.34694	0.000648	0.931	TACGTGC
1-crebA		RpL28_FBtr0306567	150	156	-	3.34694	0.000648	0.931	CACGTGT
1-crebA		RpS9_FBtr0076423	203	209	-	3.34694	0.000648	0.931	TACGTGA
1-crebA		RpL27A_FBtr0335136	217	223	+	3.34694	0.000648	0.931	AACGTGT
1-crebA		RpS20_FBtr0083964	217	223	+	3.34694	0.000648	0.931	AACGTGT
1-crebA		RpS7_FBtr0339183	214	220	-	3.34694	0.000648	0.931	TACGTGC
1-crebA		RpS5a_FBtr0074406	225	231	+	3.34694	0.000648	0.931	CACGTGT
1-crebA		RpS5a_FBtr0074406	224	230	-	3.34694	0.000648	0.931	CACGTGT
1-crebA		RpL27A_FBtr0345285	237	243	+	3.34694	0.000648	0.931	AACGTGT
1-crebA		RpS2_FBtr0345436	246	252	-	3.34694	0.000648	0.931	CACGTGT
1-crebA		RpL27A_FBtr0077452	264	270	+	3.34694	0.000648	0.931	AACGTGT
1-crebA		RpS2_FBtr0079905	277	283	-	3.34694	0.000648	0.931	CACGTGT
1-crebA		RpL28_FBtr0073097	304	310	+	3.34694	0.000648	0.931	CACGTGT
1-crebA		RpL28_FBtr0073095	306	312	+	3.34694	0.000648	0.931	CACGTGT
1-crebA		RpS24_FBtr0071935	315	321	+	3.34694	0.000648	0.931	CACGTGT
1-crebA		RpL28_FBtr0306567	352	358	+	3.34694	0.000648	0.931	CACGTGT
1-crebA		RpL28_FBtr0073097	367	373	-	3.34694	0.000648	0.931	CACGTGT
1-crebA		RpL28_FBtr0073095	369	375	-	3.34694	0.000648	0.931	CACGTGT
1-crebA		RpL28_FBtr0306567	415	421	-	3.34694	0.000648	0.931	CACGTGT
1-crebA		RpL7_FBtr0079946	421	427	+	3.34694	0.000648	0.931	CACGTGT
1-crebA		RpL3_FBtr0082347	430	436	+	3.34694	0.000648	0.931	AACGTGT
1-crebA		RpS9_FBtr0076425	429	435	-	3.34694	0.000648	0.931	TACGTGA
1-crebA		RpS30_FBtr0083970	451	457	+	3.34694	0.000648	0.931	CACGTGT
1-crebA		RpL32_FBtr0085592	446	452	-	3.34694	0.000648	0.931	CACGTGT
1-crebA		RpL11_FBtr0086533	455	461	+	3.34694	0.000648	0.931	CACGTGT
1-crebA		RpS30_FBtr0083970	450	456	-	3.34694	0.000648	0.931	CACGTGT
1-crebA		RpL6_FBtr0085804	463	469	+	3.34694	0.000648	0.931	CACGTGT
1-crebA		RpL24-like_FBtr0082403	465	471	+	3.34694	0.000648	0.931	CACGTGT
1-crebA		RpL18_FBtr0076892	462	468	-	3.34694	0.000648	0.931	TACGTGC
1-crebA		RpL6_FBtr0085804	462	468	-	3.34694	0.000648	0.931	CACGTGT
1-crebA		RpL32_FBtr0085593	467	473	-	3.34694	0.000648	0.931	CACGTGT
1-crebA		RpS3_FBtr0084410	476	482	+	3.34694	0.000648	0.931	AACGTGT
1-crebA		RpL18_FBtr0333370	494	500	-	3.34694	0.000648	0.931	TACGTGC
1-crebA		RpL7_FBtr0343653	517	523	+	3.34694	0.000648	0.931	CACGTGT
1-crebA		RpS5a_FBtr0345132	529	535	+	3.34694	0.000648	0.931	CACGTGT
1-crebA		RpS19a_FBtr0345129	533	539	+	3.34694	0.000648	0.931	AACGTGT
1-crebA		RpL32_FBtr0085594	539	545	-	3.34694	0.000648	0.931	CACGTGT
1-crebA		RpL28_FBtr0302300	561	567	+	3.34694	0.000648	0.931	CACGTGT
1-crebA		RpL18_FBtr0345036	556	562	-	3.34694	0.000648	0.931	TACGTGC
1-crebA		RpL28_FBtr0302300	560	566	-	3.34694	0.000648	0.931	CACGTGT
1-crebA		RpL14_FBtr0076633	645	651	+	3.34694	0.000648	0.931	AACGTGT
1-crebA		RpS21_FBtr0335131	679	685	+	3.34694	0.000648	0.931	TACGTGC
1-crebA		RpS30_FBtr0083969	688	694	+	3.34694	0.000648	0.931	CACGTGT
1-crebA		RpS30_FBtr0083969	687	693	-	3.34694	0.000648	0.931	CACGTGT
1-crebA		RpS21_FBtr0335131	706	712	+	3.34694	0.000648	0.931	CACGTGT
1-crebA		RpL13A_FBtr0078705	702	708	-	3.34694	0.000648	0.931	CACGTGT
1-crebA		RpS21_FBtr0335131	705	711	-	3.34694	0.000648	0.931	CACGTGT
1-crebA		RpL3_FBtr0082347	713	719	+	3.34694	0.000648	0.931	CACGTGT
1-crebA		RpS16_FBtr0071855	708	714	-	3.34694	0.000648	0.931	CACGTGT
1-crebA		RpS5a_FBtr0345132	716	722	+	3.34694	0.000648	0.931	AACGTGT
1-crebA		RpS21_FBtr0273293	720	726	+	3.34694	0.000648	0.931	TACGTGC
1-crebA		RpL27A_FBtr0335136	724	730	+	3.34694	0.000648	0.931	AACGTGT
1-crebA		RpS14a_FBtr0071094	726	732	-	3.34694	0.000648	0.931	CACGTGT
1-crebA		RpL27A_FBtr0345285	744	750	+	3.34694	0.000648	0.931	AACGTGT
1-crebA		RpS21_FBtr0273293	747	753	+	3.34694	0.000648	0.931	CACGTGT
1-crebA		RpS21_FBtr0273293	746	752	-	3.34694	0.000648	0.931	CACGTGT
1-crebA		RpL28_FBtr0302300	762	768	+	3.34694	0.000648	0.931	CACGTGT
1-crebA		RpL28_FBtr0073098	768	774	+	3.34694	0.000648	0.931	CACGTGT
1-crebA		RpS30_FBtr0346148	769	775	+	3.34694	0.000648	0.931	CACGTGT
1-crebA		RpL27A_FBtr0077452	771	777	+	3.34694	0.000648	0.931	AACGTGT
1-crebA		RpL28_FBtr0073098	767	773	-	3.34694	0.000648	0.931	CACGTGT
1-crebA		RpS30_FBtr0346148	768	774	-	3.34694	0.000648	0.931	CACGTGT
1-crebA		RpS19a_FBtr0340149	780	786	+	3.34694	0.000648	0.931	AACGTGT
1-crebA		RpL13A_FBtr0078705	799	805	+	3.34694	0.000648	0.931	AACGTGT
1-crebA		RpL28_FBtr0302300	825	831	-	3.34694	0.000648	0.931	CACGTGT
1-crebA		RpL23_FBtr0071897	863	869	+	3.34694	0.000648	0.931	TACGTGA
1-crebA		RpL7_FBtr0079946	883	889	+	3.34694	0.000648	0.931	TACGTGC
1-crebA		RpL17_FBtr0345292	919	925	-	3.34694	0.000648	0.931	CACGTGT
1-crebA		RpL28_FBtr0073098	969	975	+	3.34694	0.000648	0.931	CACGTGT
1-crebA		RpL7_FBtr0343653	979	985	+	3.34694	0.000648	0.931	TACGTGC
1-crebA		RpL18A_FBtr0086947	4	10	-	2.91837	0.00088	0.965	GTCGTGG
1-crebA		RpS2_FBtr0345436	6	12	-	2.91837	0.00088	0.965	GACGCGG
1-crebA		RpS2_FBtr0345436	15	21	-	2.91837	0.00088	0.965	GTCGTGG
1-crebA		RpS2_FBtr0079905	25	31	-	2.91837	0.00088	0.965	GCCGTGG
1-crebA		RpS2_FBtr0079905	31	37	-	2.91837	0.00088	0.965	GTCGTGG
1-crebA		RpS2_FBtr0079905	37	43	-	2.91837	0.00088	0.965	GACGCGG
1-crebA		RpS29_FBtr0082136	46	52	+	2.91837	0.00088	0.965	GACGAGG
1-crebA		RpS5a_FBtr0345132	48	54	+	2.91837	0.00088	0.965	GACGCGG
1-crebA		RpS2_FBtr0079905	46	52	-	2.91837	0.00088	0.965	GTCGTGG
1-crebA		RpL36_FBtr0345321	75	81	+	2.91837	0.00088	0.965	GGCGTGG
1-crebA		RpS11_FBtr0088006	87	93	+	2.91837	0.00088	0.965	GTCGTGG
1-crebA		RpL36_FBtr0070155	90	96	+	2.91837	0.00088	0.965	GACGAGG
1-crebA		RpS29_FBtr0334681	101	107	+	2.91837	0.00088	0.965	GACGAGG
1-crebA		RpL36_FBtr0070155	110	116	-	2.91837	0.00088	0.965	GACGCGG
1-crebA		RpS14b_FBtr0071096	132	138	+	2.91837	0.00088	0.965	GCCGTGG
1-crebA		RpL36_FBtr0070156	157	163	+	2.91837	0.00088	0.965	GACGAGG
1-crebA		RpL22-like_FBtr0072049	169	175	-	2.91837	0.00088	0.965	GCCGTGG
1-crebA		RpL36_FBtr0070156	177	183	-	2.91837	0.00088	0.965	GACGCGG
1-crebA		RpS9_FBtr0076423	194	200	+	2.91837	0.00088	0.965	GACGGGG
1-crebA		RpL10_FBtr0299869	191	197	-	2.91837	0.00088	0.965	GCCGTGG
1-crebA		RpS14a_FBtr0071094	301	307	+	2.91837	0.00088	0.965	GGCGTGG
1-crebA		RpL18A_FBtr0086947	299	305	-	2.91837	0.00088	0.965	GTCGTGG
1-crebA		RpS19a_FBtr0345129	362	368	-	2.91837	0.00088	0.965	GGCGTGG
1-crebA		RpL6_FBtr0085804	390	396	+	2.91837	0.00088	0.965	GACGGGG
1-crebA		RpS9_FBtr0076425	420	426	+	2.91837	0.00088	0.965	GACGGGG
1-crebA		RpS7_FBtr0089425	433	439	-	2.91837	0.00088	0.965	GTCGTGG
1-crebA		RpL19_FBtr0072405	440	446	+	2.91837	0.00088	0.965	GTCGTGG
1-crebA		RpL19_FBtr0072405	436	442	-	2.91837	0.00088	0.965	GACGAGG
1-crebA		RpL30_FBtr0302491	475	481	+	2.91837	0.00088	0.965	GACGGGG
1-crebA		RpL19_FBtr0072406	478	484	+	2.91837	0.00088	0.965	GTCGTGG
1-crebA		RpL19_FBtr0072406	474	480	-	2.91837	0.00088	0.965	GACGAGG
1-crebA		RpS7_FBtr0089422	505	511	-	2.91837	0.00088	0.965	GTCGTGG
1-crebA		RpS7_FBtr0089423	511	517	-	2.91837	0.00088	0.965	GTCGTGG
1-crebA		RpL30_FBtr0081181	544	550	+	2.91837	0.00088	0.965	GACGGGG
1-crebA		RpS19a_FBtr0340149	609	615	-	2.91837	0.00088	0.965	GGCGTGG
1-crebA		RpS18_FBtr0086274	628	634	+	2.91837	0.00088	0.965	GGCGTGG
1-crebA		RpS30_FBtr0083970	668	674	-	2.91837	0.00088	0.965	GACGAGG
1-crebA		RpL36_FBtr0345321	679	685	+	2.91837	0.00088	0.965	GACGAGG
1-crebA		RpL36_FBtr0345321	699	705	-	2.91837	0.00088	0.965	GACGCGG
1-crebA		RpS18_FBtr0086273	719	725	+	2.91837	0.00088	0.965	GGCGTGG
1-crebA		RpS7_FBtr0339183	759	765	-	2.91837	0.00088	0.965	GTCGTGG
1-crebA		RpS21_FBtr0335131	788	794	-	2.91837	0.00088	0.965	GGCGTGG
1-crebA		RpS10b_FBtr0344339	816	822	-	2.91837	0.00088	0.965	GACGGGG
1-crebA		RpS21_FBtr0273293	829	835	-	2.91837	0.00088	0.965	GGCGTGG
1-crebA		RpS25_FBtr0082369	860	866	+	2.91837	0.00088	0.965	GTCGTGG
1-crebA		RpS4_FBtr0075885	891	897	-	2.91837	0.00088	0.965	GACGCGG
1-crebA		RpS30_FBtr0083969	905	911	-	2.91837	0.00088	0.965	GACGAGG
1-crebA		RpS3_FBtr0084410	918	924	+	2.91837	0.00088	0.965	GGCGTGG
1-crebA		RpL13_FBtr0100164	916	922	-	2.91837	0.00088	0.965	GACGCGG
1-crebA		RpL13_FBtr0079888	933	939	-	2.91837	0.00088	0.965	GACGCGG
1-crebA		RpL32_FBtr0085592	941	947	+	2.91837	0.00088	0.965	GTCGTGG
1-crebA		RpS4_FBtr0075884	936	942	-	2.91837	0.00088	0.965	GACGCGG
1-crebA		RpS10a_FBtr0085194	959	965	+	2.91837	0.00088	0.965	GACGCGG
1-crebA		RpL32_FBtr0085593	962	968	+	2.91837	0.00088	0.965	GTCGTGG
1-crebA		RpL18_FBtr0076892	960	966	-	2.91837	0.00088	0.965	GACGAGG
1-crebA		RpS10b_FBtr0344339	973	979	+	2.91837	0.00088	0.965	GACGCGG
1-crebA		RpS30_FBtr0346148	986	992	-	2.91837	0.00088	0.965	GACGAGG
1-crebA		RpL18_FBtr0333370	992	998	-	2.91837	0.00088	0.965	GACGAGG
1-crebA		RpL19_FBtr0072405	3	9	+	2.63265	0.0019	1	GACCTGG
1-crebA		RpL10_FBtr0299869	4	10	+	2.63265	0.0019	1	GATGTGG
1-crebA		RpL21_FBtr0345541	5	11	+	2.63265	0.0019	1	TACGCGG
1-crebA		RpL13_FBtr0100164	2	8	-	2.63265	0.0019	1	TACGAGG
1-crebA		RpL14_FBtr0076633	3	9	-	2.63265	0.0019	1	GAAGTGG
1-crebA		RpS8_FBtr0346159	11	17	+	2.63265	0.0019	1	GACTTGG
1-crebA		RpL18A_FBtr0086947	10	16	-	2.63265	0.0019	1	TACGAGG
1-crebA		RpS24_FBtr0071935	12	18	-	2.63265	0.0019	1	GATGTGG
1-crebA		RpL36_FBtr0345321	13	19	-	2.63265	0.0019	1	GCCGTGT
1-crebA		RpS26_FBtr0081091	17	23	-	2.63265	0.0019	1	GACATGG
1-crebA		RpS18_FBtr0086273	18	24	-	2.63265	0.0019	1	GATGTGG
1-crebA		RpL22-like_FBtr0072049	19	25	-	2.63265	0.0019	1	GAGGTGG
1-crebA		RpL13_FBtr0079888	19	25	-	2.63265	0.0019	1	TACGAGG
1-crebA		RpL14_FBtr0076633	26	32	+	2.63265	0.0019	1	TCCGTGG
1-crebA		RpS11_FBtr0088006	38	44	+	2.63265	0.0019	1	TGCGTGG
1-crebA		RpL19_FBtr0072406	41	47	+	2.63265	0.0019	1	GACCTGG
1-crebA		RpL21_FBtr0085961	47	53	+	2.63265	0.0019	1	TACGCGG
1-crebA		RpS2_FBtr0345436	42	48	-	2.63265	0.0019	1	TCCGTGG
1-crebA		RpS6_FBtr0071135	51	57	-	2.63265	0.0019	1	GACGAGT
1-crebA		RpS16_FBtr0343002	61	67	-	2.63265	0.0019	1	GATGTGG
1-crebA		RpS2_FBtr0079905	73	79	-	2.63265	0.0019	1	TCCGTGG
1-crebA		RpL24-like_FBtr0082403	81	87	-	2.63265	0.0019	1	GACCTGG
1-crebA		RpS25_FBtr0082369	85	91	-	2.63265	0.0019	1	GAAGTGG
1-crebA		RpL3_FBtr0082347	97	103	+	2.63265	0.0019	1	TGCGTGG
1-crebA		RpL23A_FBtr0072805	92	98	-	2.63265	0.0019	1	TCCGTGG
1-crebA		RpS16_FBtr0343002	112	118	-	2.63265	0.0019	1	GACGAGT
1-crebA		RpS6_FBtr0071135	129	135	-	2.63265	0.0019	1	GAAGTGG
1-crebA		RpL5_FBtr0332633	142	148	+	2.63265	0.0019	1	GACTTGG
1-crebA		RpL36_FBtr0345321	144	150	+	2.63265	0.0019	1	GATGTGG
1-crebA		RpL30_FBtr0302491	153	159	+	2.63265	0.0019	1	GGCGTGT
1-crebA		RpS30_FBtr0083970	154	160	-	2.63265	0.0019	1	GACGGGT
1-crebA		RpL27A_FBtr0335136	157	163	-	2.63265	0.0019	1	TGCGTGG
1-crebA		RpS9_FBtr0076425	171	177	+	2.63265	0.0019	1	GAAGTGG
1-crebA		RpL5_FBtr0111129	179	185	+	2.63265	0.0019	1	GACTTGG
1-crebA		RpL27A_FBtr0345285	177	183	-	2.63265	0.0019	1	TGCGTGG
1-crebA		RpL21_FBtr0345541	195	201	-	2.63265	0.0019	1	GACATGG
1-crebA		RpL27A_FBtr0077452	204	210	-	2.63265	0.0019	1	TGCGTGG
1-crebA		RpS15_FBtr0087123	210	216	-	2.63265	0.0019	1	GACTTGG
1-crebA		RpS20_FBtr0083964	211	217	-	2.63265	0.0019	1	TTCGTGG
1-crebA		RpL30_FBtr0081181	222	228	+	2.63265	0.0019	1	GGCGTGT
1-crebA		RpS27_FBtr0084868	225	231	+	2.63265	0.0019	1	TGCGTGG
1-crebA		RpL17_FBtr0345292	228	234	+	2.63265	0.0019	1	GACTTGG
1-crebA		RpL13_FBtr0100164	227	233	-	2.63265	0.0019	1	GGCGTGT
1-crebA		RpL21_FBtr0085961	237	243	-	2.63265	0.0019	1	GACATGG
1-crebA		RpL13_FBtr0079888	244	250	-	2.63265	0.0019	1	GGCGTGT
1-crebA		RpL35_FBtr0070801	246	252	-	2.63265	0.0019	1	GACTTGG
1-crebA		RpL17_FBtr0345292	249	255	-	2.63265	0.0019	1	GACGAGT
1-crebA		RpS27A_FBtr0080016	254	260	-	2.63265	0.0019	1	TTCGTGG
1-crebA		RpL9_FBtr0080163	256	262	-	2.63265	0.0019	1	GGCGTGT
1-crebA		RpL36_FBtr0345321	257	263	-	2.63265	0.0019	1	GACTTGG
1-crebA		RpS27_FBtr0304693	267	273	+	2.63265	0.0019	1	TGCGTGG
1-crebA		RpL23A_FBtr0072805	266	272	-	2.63265	0.0019	1	TGCGTGG
1-crebA		RpL14_FBtr0076633	266	272	-	2.63265	0.0019	1	TACGGGG
1-crebA		RpS3_FBtr0084410	278	284	-	2.63265	0.0019	1	GACATGG
1-crebA		RpL32_FBtr0085592	282	288	-	2.63265	0.0019	1	TTCGTGG
1-crebA		RpL9_FBtr0080164	292	298	-	2.63265	0.0019	1	GGCGTGT
1-crebA		RpL32_FBtr0085593	303	309	-	2.63265	0.0019	1	TTCGTGG
1-crebA		RpS24_FBtr0071935	306	312	-	2.63265	0.0019	1	GACATGG
1-crebA		RpL23_FBtr0071897	314	320	-	2.63265	0.0019	1	GTCGTGT
1-crebA		RpS15Aa_FBtr0073792	327	333	-	2.63265	0.0019	1	GTCGTGT
1-crebA		RpS18_FBtr0086274	327	333	-	2.63265	0.0019	1	GCCGTGT
1-crebA		RpS3A_FBtr0089175	348	354	+	2.63265	0.0019	1	GACGGGT
1-crebA		RpL23_FBtr0071897	351	357	+	2.63265	0.0019	1	GAGGTGG
1-crebA		RpS24_FBtr0071935	348	354	-	2.63265	0.0019	1	TCCGTGG
1-crebA		RpS18_FBtr0086274	348	354	-	2.63265	0.0019	1	GACGCGT
1-crebA		RpS7_FBtr0089425	352	358	-	2.63265	0.0019	1	TACGCGG
1-crebA		RpL17_FBtr0070980	354	360	-	2.63265	0.0019	1	GTCGTGT
1-crebA		RpL22-like_FBtr0072049	354	360	-	2.63265	0.0019	1	GGCGTGT
1-crebA		RpL27A_FBtr0335136	362	368	-	2.63265	0.0019	1	GATGTGG
1-crebA		RpL32_FBtr0085594	375	381	-	2.63265	0.0019	1	TTCGTGG
1-crebA		RpL13A_FBtr0078705	376	382	-	2.63265	0.0019	1	GACGTCG
1-crebA		RpL27A_FBtr0345285	382	388	-	2.63265	0.0019	1	GATGTGG
1-crebA		RpS30_FBtr0083969	391	397	-	2.63265	0.0019	1	GACGGGT
1-crebA		RpS15Aa_FBtr0073793	394	400	-	2.63265	0.0019	1	GTCGTGT
1-crebA		RpL36_FBtr0070155	396	402	-	2.63265	0.0019	1	GAGGTGG
1-crebA		RpS5b_FBtr0083006	400	406	-	2.63265	0.0019	1	GAAGTGG
1-crebA		RpL27A_FBtr0077452	409	415	-	2.63265	0.0019	1	GATGTGG
1-crebA		RpL6_FBtr0085804	418	424	+	2.63265	0.0019	1	GACTTGG
1-crebA		RpL27A_FBtr0335136	412	418	-	2.63265	0.0019	1	GACGTCG
1-crebA		RpS18_FBtr0086273	418	424	-	2.63265	0.0019	1	GCCGTGT
1-crebA		RpS11_FBtr0088006	419	425	-	2.63265	0.0019	1	TACGCGG
1-crebA		RpL17_FBtr0070983	421	427	-	2.63265	0.0019	1	GTCGTGT
1-crebA		RpS7_FBtr0089422	424	430	-	2.63265	0.0019	1	TACGCGG
1-crebA		RpS5a_FBtr0345132	425	431	-	2.63265	0.0019	1	GAGGTGG
1-crebA		RpL17_FBtr0345292	432	438	+	2.63265	0.0019	1	GACTTGG
1-crebA		RpS7_FBtr0089423	430	436	-	2.63265	0.0019	1	TACGCGG
1-crebA		RpS7_FBtr0089425	437	443	+	2.63265	0.0019	1	GACGTAG
1-crebA		RpL27A_FBtr0345285	432	438	-	2.63265	0.0019	1	GACGTCG
1-crebA		RpS7_FBtr0089425	443	449	+	2.63265	0.0019	1	GAGGTGG
1-crebA		RpS18_FBtr0086273	439	445	-	2.63265	0.0019	1	GACGCGT
1-crebA		RpS27_FBtr0084868	456	462	+	2.63265	0.0019	1	GAAGTGG
1-crebA		RpL5_FBtr0344793	460	466	+	2.63265	0.0019	1	GATGTGG
1-crebA		RpL10Ab_FBtr0076032	455	461	-	2.63265	0.0019	1	TTCGTGG
1-crebA		RpL26_FBtr0075066	457	463	-	2.63265	0.0019	1	GAGGTGG
1-crebA		RpL27A_FBtr0077452	459	465	-	2.63265	0.0019	1	GACGTCG
1-crebA		RpL24_FBtr0345449	467	473	+	2.63265	0.0019	1	GAAGTGG
1-crebA		RpS13_FBtr0346454	467	473	+	2.63265	0.0019	1	GATGTGG
1-crebA		RpL36_FBtr0070156	463	469	-	2.63265	0.0019	1	GAGGTGG
1-crebA		RpL5_FBtr0344793	476	482	+	2.63265	0.0019	1	GACGTAG
1-crebA		RpS30_FBtr0346148	472	478	-	2.63265	0.0019	1	GACGGGT
1-crebA		RpL15_FBtr0113742	480	486	+	2.63265	0.0019	1	GTCGTGT
1-crebA		RpL15_FBtr0308333	481	487	+	2.63265	0.0019	1	GTCGTGT
1-crebA		RpL8_FBtr0072924	478	484	-	2.63265	0.0019	1	GAGGTGG
1-crebA		RpS29_FBtr0082136	478	484	-	2.63265	0.0019	1	GACCTGG
1-crebA		RpS27_FBtr0304693	498	504	+	2.63265	0.0019	1	GAAGTGG
1-crebA		RpS14a_FBtr0071094	493	499	-	2.63265	0.0019	1	GACGTAG
1-crebA		RpS17_FBtr0076479	501	507	+	2.63265	0.0019	1	GCCGTGT
1-crebA		RpL24_FBtr0080524	506	512	+	2.63265	0.0019	1	GAAGTGG
1-crebA		RpL35_FBtr0070800	500	506	-	2.63265	0.0019	1	GACTTGG
1-crebA		RpS7_FBtr0089422	509	515	+	2.63265	0.0019	1	GACGTAG
1-crebA		RpS7_FBtr0089423	515	521	+	2.63265	0.0019	1	GACGTAG
1-crebA		RpS7_FBtr0089422	515	521	+	2.63265	0.0019	1	GAGGTGG
1-crebA		RpS13_FBtr0079724	520	526	+	2.63265	0.0019	1	GATGTGG
1-crebA		RpS7_FBtr0089423	521	527	+	2.63265	0.0019	1	GAGGTGG
1-crebA		RpS21_FBtr0335131	525	531	+	2.63265	0.0019	1	GACGAGT
1-crebA		RpL37A_FBtr0079017	527	533	+	2.63265	0.0019	1	GGCGTGT
1-crebA		RpS7_FBtr0089425	526	532	-	2.63265	0.0019	1	GACGAGT
1-crebA		RpS13_FBtr0100541	533	539	+	2.63265	0.0019	1	GATGTGG
1-crebA		RpL3_FBtr0082347	534	540	+	2.63265	0.0019	1	GACATGG
1-crebA		RpS7_FBtr0089425	538	544	+	2.63265	0.0019	1	TACGAGG
1-crebA		RpS29_FBtr0334681	533	539	-	2.63265	0.0019	1	GACCTGG
1-crebA		RpS3_FBtr0084410	534	540	-	2.63265	0.0019	1	GACGTCG
1-crebA		RpS19b_FBtr0084519	534	540	-	2.63265	0.0019	1	GACCTGG
1-crebA		RpS30_FBtr0083970	546	552	+	2.63265	0.0019	1	TCCGTGG
1-crebA		RpL31_FBtr0088526	543	549	-	2.63265	0.0019	1	TTCGTGG
1-crebA		RpS9_FBtr0076423	550	556	-	2.63265	0.0019	1	TCCGTGG
1-crebA		RpS21_FBtr0273293	566	572	+	2.63265	0.0019	1	GACGAGT
1-crebA		RpL37A_FBtr0302570	570	576	+	2.63265	0.0019	1	GGCGTGT
1-crebA		RpL21_FBtr0345541	576	582	-	2.63265	0.0019	1	GACTTGG
1-crebA		RpL35_FBtr0345788	579	585	-	2.63265	0.0019	1	GACTTGG
1-crebA		RpL31_FBtr0088525	585	591	-	2.63265	0.0019	1	TTCGTGG
1-crebA		RpS15Ab_FBtr0088226	603	609	+	2.63265	0.0019	1	GTCGTGT
1-crebA		RpS7_FBtr0089422	598	604	-	2.63265	0.0019	1	GACGAGT
1-crebA		RpS7_FBtr0089423	604	610	-	2.63265	0.0019	1	GACGAGT
1-crebA		RpS7_FBtr0089422	610	616	+	2.63265	0.0019	1	TACGAGG
1-crebA		RpL23A_FBtr0072805	615	621	+	2.63265	0.0019	1	GCCGTGT
1-crebA		RpS6_FBtr0071135	615	621	+	2.63265	0.0019	1	GAAGTGG
1-crebA		RpS7_FBtr0089423	616	622	+	2.63265	0.0019	1	TACGAGG
1-crebA		RpS4_FBtr0075885	611	617	-	2.63265	0.0019	1	TCCGTGG
1-crebA		RpS28b_FBtr0071360	611	617	-	2.63265	0.0019	1	GACGCGT
1-crebA		RpL21_FBtr0085961	618	624	-	2.63265	0.0019	1	GACTTGG
1-crebA		RpS28a_FBtr0085601	628	634	-	2.63265	0.0019	1	GACTTGG
1-crebA		RpS16_FBtr0071855	644	650	-	2.63265	0.0019	1	GACCTGG
1-crebA		RpL5_FBtr0332633	657	663	+	2.63265	0.0019	1	GATGTGG
1-crebA		RpS4_FBtr0075884	656	662	-	2.63265	0.0019	1	TCCGTGG
1-crebA		RpS14b_FBtr0345291	657	663	-	2.63265	0.0019	1	GACATGG
1-crebA		RpS12_FBtr0075878	664	670	+	2.63265	0.0019	1	GACGTTG
1-crebA		RpL10Ab_FBtr0076032	666	672	-	2.63265	0.0019	1	GACATGG
1-crebA		RpL5_FBtr0332633	673	679	+	2.63265	0.0019	1	GACGTAG
1-crebA		RpS29_FBtr0082136	671	677	-	2.63265	0.0019	1	TACGGGG
1-crebA		RpS7_FBtr0339183	678	684	-	2.63265	0.0019	1	TACGCGG
1-crebA		RpL26_FBtr0333709	686	692	-	2.63265	0.0019	1	GAGGTGG
1-crebA		RpL5_FBtr0111129	694	700	+	2.63265	0.0019	1	GATGTGG
1-crebA		RpL23_FBtr0071897	699	705	+	2.63265	0.0019	1	GATGTGG
1-crebA		RpL5_FBtr0111129	710	716	+	2.63265	0.0019	1	GACGTAG
1-crebA		RpS28a_FBtr0085601	711	717	-	2.63265	0.0019	1	TGCGTGG
1-crebA		RpS29_FBtr0334681	726	732	-	2.63265	0.0019	1	TACGGGG
1-crebA		RpL12_FBtr0072176	734	740	+	2.63265	0.0019	1	TGCGTGG
1-crebA		RpL11_FBtr0086533	751	757	+	2.63265	0.0019	1	GACGAGT
1-crebA		RpL12_FBtr0072176	756	762	-	2.63265	0.0019	1	GATGTGG
1-crebA		RpS7_FBtr0339183	763	769	+	2.63265	0.0019	1	GACGTAG
1-crebA		RpS7_FBtr0339183	769	775	+	2.63265	0.0019	1	GAGGTGG
1-crebA		RpS10a_FBtr0085194	765	771	-	2.63265	0.0019	1	GAAGTGG
1-crebA		RpS20_FBtr0083964	767	773	-	2.63265	0.0019	1	GACATGG
1-crebA		RpS26_FBtr0081090	773	779	-	2.63265	0.0019	1	GATGTGG
1-crebA		RpS9_FBtr0076425	776	782	-	2.63265	0.0019	1	TCCGTGG
1-crebA		RpS30_FBtr0083969	783	789	+	2.63265	0.0019	1	TCCGTGG
1-crebA		RpS3_FBtr0084410	801	807	+	2.63265	0.0019	1	GATGTGG
1-crebA		RpL29_FBtr0071592	797	803	-	2.63265	0.0019	1	GACTTGG
1-crebA		RpL12_FBtr0072175	810	816	+	2.63265	0.0019	1	TGCGTGG
1-crebA		RpS28a_FBtr0085601	820	826	-	2.63265	0.0019	1	TCCGTGG
1-crebA		RpS14b_FBtr0345291	828	834	+	2.63265	0.0019	1	GATGTGG
1-crebA		RpS21_FBtr0335131	828	834	+	2.63265	0.0019	1	GATGTGG
1-crebA		RpS26_FBtr0081091	822	828	-	2.63265	0.0019	1	GATGTGG
1-crebA		RpL12_FBtr0072175	832	838	-	2.63265	0.0019	1	GATGTGG
1-crebA		RpL27_FBtr0084932	835	841	-	2.63265	0.0019	1	GACGTAG
1-crebA		RpL17_FBtr0345292	845	851	+	2.63265	0.0019	1	GTCGTGT
1-crebA		RpS7_FBtr0339183	852	858	-	2.63265	0.0019	1	GACGAGT
1-crebA		RpL11_FBtr0086533	858	864	+	2.63265	0.0019	1	TGCGTGG
1-crebA		RpS7_FBtr0339183	864	870	+	2.63265	0.0019	1	TACGAGG
1-crebA		RpS30_FBtr0346148	864	870	+	2.63265	0.0019	1	TCCGTGG
1-crebA		RpS21_FBtr0273293	869	875	+	2.63265	0.0019	1	GATGTGG
1-crebA		RpL13_FBtr0100164	871	877	+	2.63265	0.0019	1	GACCTGG
1-crebA		RpL40_FBtr0077470	872	878	+	2.63265	0.0019	1	GAGGTGG
1-crebA		RpL27_FBtr0084932	880	886	+	2.63265	0.0019	1	GACGTAG
1-crebA		RpL23_FBtr0071897	877	883	-	2.63265	0.0019	1	TCCGTGG
1-crebA		RpL13_FBtr0079888	888	894	+	2.63265	0.0019	1	GACCTGG
1-crebA		RpL14_FBtr0076633	889	895	-	2.63265	0.0019	1	GACGTCG
1-crebA		RpS15Ab_FBtr0088226	898	904	+	2.63265	0.0019	1	GAAGTGG
1-crebA		RpL12_FBtr0072176	894	900	-	2.63265	0.0019	1	GAGGTGG
1-crebA		RpL26_FBtr0075066	896	902	-	2.63265	0.0019	1	GAAGTGG
1-crebA		RpS14a_FBtr0071094	918	924	-	2.63265	0.0019	1	GACATGG
1-crebA		RpL6_FBtr0085804	923	929	-	2.63265	0.0019	1	GGCGTGT
1-crebA		RpL23_FBtr0071897	932	938	+	2.63265	0.0019	1	TTCGTGG
1-crebA		RpS14b_FBtr0071096	931	937	-	2.63265	0.0019	1	GACATGG
1-crebA		RpS8_FBtr0085489	938	944	+	2.63265	0.0019	1	GGCGTGT
1-crebA		RpL31_FBtr0088526	935	941	-	2.63265	0.0019	1	GACGGGT
1-crebA		RpL32_FBtr0085592	937	943	-	2.63265	0.0019	1	GACTTGG
1-crebA		RpL9_FBtr0080163	944	950	-	2.63265	0.0019	1	GACGCGT
1-crebA		RpS15Ab_FBtr0088226	951	957	-	2.63265	0.0019	1	GAGGTGG
1-crebA		RpS10b_FBtr0344339	958	964	+	2.63265	0.0019	1	TCCGTGG
1-crebA		RpL26_FBtr0075066	956	962	-	2.63265	0.0019	1	GACGTAG
1-crebA		RpL12_FBtr0072176	962	968	+	2.63265	0.0019	1	TCCGTGG
1-crebA		RpL13A_FBtr0078705	962	968	+	2.63265	0.0019	1	TCCGTGG
1-crebA		RpL32_FBtr0085593	958	964	-	2.63265	0.0019	1	GACTTGG
1-crebA		RpS8_FBtr0310274	968	974	+	2.63265	0.0019	1	GGCGTGT
1-crebA		RpS27A_FBtr0080016	973	979	+	2.63265	0.0019	1	TACGAGG
1-crebA		RpL5_FBtr0344793	975	981	+	2.63265	0.0019	1	GAAGTGG
1-crebA		RpL12_FBtr0072175	970	976	-	2.63265	0.0019	1	GAGGTGG
1-crebA		RpL27A_FBtr0335136	979	985	+	2.63265	0.0019	1	GGCGTGT
1-crebA		RpS12_FBtr0075878	974	980	-	2.63265	0.0019	1	GACGAGT
1-crebA		RpL31_FBtr0088525	977	983	-	2.63265	0.0019	1	GACGGGT
1-crebA		RpL9_FBtr0080164	980	986	-	2.63265	0.0019	1	GACGCGT
1-crebA		RpL36_FBtr0345321	985	991	-	2.63265	0.0019	1	GAGGTGG
1-crebA		RpL3_FBtr0082347	989	995	-	2.63265	0.0019	1	GAGGTGG
1-crebA		RpL26_FBtr0075066	995	1001	-	2.63265	0.0019	1	GACGTTG
1-crebA		RpS16_FBtr0343002	4	10	-	2.34694	0.00334	1	TACGTTG
1-crebA		RpL37A_FBtr0079017	18	24	+	2.34694	0.00334	1	GAAGTGT
1-crebA		RpS18_FBtr0086273	12	18	-	2.34694	0.00334	1	GACATGT
1-crebA		RpL13_FBtr0079888	13	19	-	2.34694	0.00334	1	GATGTGT
1-crebA		RpS25_FBtr0082369	26	32	+	2.34694	0.00334	1	TAGGTGG
1-crebA		RpS10a_FBtr0085194	28	34	+	2.34694	0.00334	1	TACGTTG
1-crebA		RpL35_FBtr0070801	24	30	-	2.34694	0.00334	1	TACGCGT
1-crebA		RpL26_FBtr0075066	31	37	+	2.34694	0.00334	1	GACATGT
1-crebA		RpL18_FBtr0076892	25	31	-	2.34694	0.00334	1	GATGTGT
1-crebA		RpS24_FBtr0071935	32	38	+	2.34694	0.00334	1	TACATGG
1-crebA		RpS5a_FBtr0074406	35	41	-	2.34694	0.00334	1	TGCGTGT
1-crebA		RpL10_FBtr0299869	36	42	-	2.34694	0.00334	1	TACTTGG
1-crebA		RpL35A_FBtr0078769	38	44	-	2.34694	0.00334	1	TCCGTGT
1-crebA		RpL5_FBtr0332633	50	56	+	2.34694	0.00334	1	TACTTGG
1-crebA		RpL7_FBtr0343653	51	57	+	2.34694	0.00334	1	TATGTGG
1-crebA		RpL11_FBtr0086533	51	57	+	2.34694	0.00334	1	GACGTTT
1-crebA		RpL5_FBtr0344793	50	56	-	2.34694	0.00334	1	GATGTGT
1-crebA		RpS30_FBtr0083969	58	64	+	2.34694	0.00334	1	TACGGGT
1-crebA		RpL37A_FBtr0302570	61	67	+	2.34694	0.00334	1	GAAGTGT
1-crebA		RpL36_FBtr0070155	63	69	+	2.34694	0.00334	1	GAGGTGT
1-crebA		RpL18_FBtr0333370	57	63	-	2.34694	0.00334	1	GATGTGT
1-crebA		RpS19a_FBtr0345129	61	67	-	2.34694	0.00334	1	TACTTGG
1-crebA		RpL32_FBtr0085594	67	73	+	2.34694	0.00334	1	GACATGT
1-crebA		RpS26_FBtr0081090	61	67	-	2.34694	0.00334	1	TGCGTGT
1-crebA		RpL36_FBtr0345321	70	76	+	2.34694	0.00334	1	TACTTGG
1-crebA		RpS27_FBtr0084868	86	92	+	2.34694	0.00334	1	TGCGTGT
1-crebA		RpL5_FBtr0111129	87	93	+	2.34694	0.00334	1	TACTTGG
1-crebA		RpL35_FBtr0070800	83	89	-	2.34694	0.00334	1	TATGTGG
1-crebA		RpL21_FBtr0345541	92	98	+	2.34694	0.00334	1	TACGCGT
1-crebA		RpL14_FBtr0076633	101	107	+	2.34694	0.00334	1	TACGGGT
1-crebA		RpS26_FBtr0081090	102	108	+	2.34694	0.00334	1	TACGAGT
1-crebA		RpS3A_FBtr0089175	106	112	+	2.34694	0.00334	1	GACTTGT
1-crebA		RpS27A_FBtr0080016	111	117	+	2.34694	0.00334	1	TACCTGG
1-crebA		RpL18A_FBtr0086947	107	113	-	2.34694	0.00334	1	TGCGTGT
1-crebA		RpS26_FBtr0081091	110	116	-	2.34694	0.00334	1	TGCGTGT
1-crebA		RpS3A_FBtr0089175	121	127	+	2.34694	0.00334	1	GACGTTT
1-crebA		RpS9_FBtr0076423	116	122	-	2.34694	0.00334	1	GAAGTGT
1-crebA		RpL18_FBtr0345036	119	125	-	2.34694	0.00334	1	GATGTGT
1-crebA		RpL11_FBtr0086533	126	132	+	2.34694	0.00334	1	GATGTGT
1-crebA		RpS27_FBtr0304693	128	134	+	2.34694	0.00334	1	TGCGTGT
1-crebA		RpL13_FBtr0100164	129	135	+	2.34694	0.00334	1	TGCGTGT
1-crebA		RpL36_FBtr0070156	130	136	+	2.34694	0.00334	1	GAGGTGT
1-crebA		RpL21_FBtr0085961	134	140	+	2.34694	0.00334	1	TACGCGT
1-crebA		RpL28_FBtr0073097	131	137	-	2.34694	0.00334	1	TACATGG
1-crebA		RpL28_FBtr0073095	133	139	-	2.34694	0.00334	1	TACATGG
1-crebA		RpS30_FBtr0346148	139	145	+	2.34694	0.00334	1	TACGGGT
1-crebA		RpL13_FBtr0079888	146	152	+	2.34694	0.00334	1	TGCGTGT
1-crebA		RpS8_FBtr0346159	148	154	+	2.34694	0.00334	1	TAAGTGG
1-crebA		RpL7_FBtr0079946	143	149	-	2.34694	0.00334	1	TATGTGG
1-crebA		RpL37A_FBtr0079017	150	156	+	2.34694	0.00334	1	TACGTAG
1-crebA		RpS26_FBtr0081091	151	157	+	2.34694	0.00334	1	TACGAGT
1-crebA		RpS10b_FBtr0074732	152	158	+	2.34694	0.00334	1	GACGTAT
1-crebA		RpL37A_FBtr0079017	149	155	-	2.34694	0.00334	1	TACGTAG
1-crebA		RpS10b_FBtr0344339	155	161	+	2.34694	0.00334	1	TGCGTGT
1-crebA		RpS10b_FBtr0074731	161	167	+	2.34694	0.00334	1	GACGTAT
1-crebA		RpL35_FBtr0345788	162	168	-	2.34694	0.00334	1	TATGTGG
1-crebA		RpS8_FBtr0346159	170	176	+	2.34694	0.00334	1	GATGTGT
1-crebA		RpL14_FBtr0076633	177	183	+	2.34694	0.00334	1	TACTTGG
1-crebA		RpS15Ab_FBtr0088226	174	180	-	2.34694	0.00334	1	TACTTGG
1-crebA		RpS13_FBtr0346454	181	187	+	2.34694	0.00334	1	TACGCGT
1-crebA		RpL28_FBtr0306567	179	185	-	2.34694	0.00334	1	TACATGG
1-crebA		RpS15Ab_FBtr0088226	187	193	+	2.34694	0.00334	1	TATGTGG
1-crebA		RpL37A_FBtr0302570	193	199	+	2.34694	0.00334	1	TACGTAG
1-crebA		RpL37A_FBtr0302570	192	198	-	2.34694	0.00334	1	TACGTAG
1-crebA		RpL26_FBtr0075066	199	205	+	2.34694	0.00334	1	GAAGTGT
1-crebA		RpL17_FBtr0070980	201	207	+	2.34694	0.00334	1	TACATGG
1-crebA		RpS10b_FBtr0074732	202	208	+	2.34694	0.00334	1	TACTTGG
1-crebA		RpL10Ab_FBtr0076032	198	204	-	2.34694	0.00334	1	GACGTTT
1-crebA		RpS14a_FBtr0071094	199	205	-	2.34694	0.00334	1	TTCGTGT
1-crebA		RpS10b_FBtr0074731	211	217	+	2.34694	0.00334	1	TACTTGG
1-crebA		RpS13_FBtr0346454	213	219	-	2.34694	0.00334	1	GACGTAT
1-crebA		RpL14_FBtr0076633	221	227	+	2.34694	0.00334	1	GAAGTGT
1-crebA		RpS4_FBtr0075885	224	230	+	2.34694	0.00334	1	TGCGTGT
1-crebA		RpL11_FBtr0086533	218	224	-	2.34694	0.00334	1	TACTTGG
1-crebA		RpS13_FBtr0079724	234	240	+	2.34694	0.00334	1	TACGCGT
1-crebA		RpS8_FBtr0085489	230	236	-	2.34694	0.00334	1	GACATGT
1-crebA		RpS14b_FBtr0071096	236	242	+	2.34694	0.00334	1	TTCGTGT
1-crebA		RpS16_FBtr0071855	236	242	-	2.34694	0.00334	1	GAAGTGT
1-crebA		RpL21_FBtr0345541	243	249	+	2.34694	0.00334	1	TATGTGG
1-crebA		RpL7_FBtr0343653	239	245	-	2.34694	0.00334	1	TATGTGG
1-crebA		RpL35A_FBtr0078769	241	247	-	2.34694	0.00334	1	TAAGTGG
1-crebA		RpS13_FBtr0100541	247	253	+	2.34694	0.00334	1	TACGCGT
1-crebA		RpS10b_FBtr0344339	249	255	+	2.34694	0.00334	1	TTCGTGT
1-crebA		RpS11_FBtr0088006	253	259	+	2.34694	0.00334	1	TTCGTGT
1-crebA		RpL5_FBtr0332633	247	253	-	2.34694	0.00334	1	GATGTGT
1-crebA		RpL37A_FBtr0079017	259	265	+	2.34694	0.00334	1	TAAGTGG
1-crebA		RpL26_FBtr0333709	260	266	+	2.34694	0.00334	1	GACATGT
1-crebA		RpS8_FBtr0310274	260	266	-	2.34694	0.00334	1	GACATGT
1-crebA		RpL17_FBtr0070983	268	274	+	2.34694	0.00334	1	TACATGG
1-crebA		RpS4_FBtr0075884	269	275	+	2.34694	0.00334	1	TGCGTGT
1-crebA		RpS13_FBtr0079724	266	272	-	2.34694	0.00334	1	GACGTAT
1-crebA		RpS3A_FBtr0089175	267	273	-	2.34694	0.00334	1	GAAGTGT
1-crebA		RpS6_FBtr0071135	272	278	-	2.34694	0.00334	1	TAAGTGG
1-crebA		RpS10b_FBtr0074732	273	279	-	2.34694	0.00334	1	TACTTGG
1-crebA		RpL35_FBtr0070800	278	284	-	2.34694	0.00334	1	TACGCGT
1-crebA		RpS10b_FBtr0344339	278	284	-	2.34694	0.00334	1	TACCTGG
1-crebA		RpL39_FBtr0072185	284	290	+	2.34694	0.00334	1	TACGTAG
1-crebA		RpL21_FBtr0085961	285	291	+	2.34694	0.00334	1	TATGTGG
1-crebA		RpS13_FBtr0100541	279	285	-	2.34694	0.00334	1	GACGTAT
1-crebA		RpS10b_FBtr0074731	282	288	-	2.34694	0.00334	1	TACTTGG
1-crebA		RpL41_FBtr0100231	290	296	+	2.34694	0.00334	1	TACTTGG
1-crebA		RpL5_FBtr0111129	284	290	-	2.34694	0.00334	1	GATGTGT
1-crebA		RpL21_FBtr0345541	289	295	-	2.34694	0.00334	1	GACATGT
1-crebA		RpS15Aa_FBtr0073792	298	304	+	2.34694	0.00334	1	TACCTGG
1-crebA		RpL37A_FBtr0302570	302	308	+	2.34694	0.00334	1	TAAGTGG
1-crebA		RpS19a_FBtr0340149	308	314	-	2.34694	0.00334	1	TACTTGG
1-crebA		RpL36_FBtr0345321	320	326	+	2.34694	0.00334	1	TCCGTGT
1-crebA		RpS24_FBtr0071935	322	328	+	2.34694	0.00334	1	GACATGT
1-crebA		RpS28a_FBtr0085601	318	324	-	2.34694	0.00334	1	GACCTGT
1-crebA		RpS28b_FBtr0071360	318	324	-	2.34694	0.00334	1	TTCGTGT
1-crebA		RpL22_FBtr0070148	325	331	-	2.34694	0.00334	1	TGCGTGT
1-crebA		RpL21_FBtr0085961	331	337	-	2.34694	0.00334	1	GACATGT
1-crebA		RpL40_FBtr0077470	331	337	-	2.34694	0.00334	1	TTCGTGT
1-crebA		RpL6_FBtr0085804	342	348	+	2.34694	0.00334	1	TACCTGG
1-crebA		RpS9_FBtr0076425	342	348	-	2.34694	0.00334	1	GAAGTGT
1-crebA		RpL36_FBtr0070155	342	348	-	2.34694	0.00334	1	GAAGTGT
1-crebA		RpL13_FBtr0100164	345	351	-	2.34694	0.00334	1	GACGTAT
1-crebA		RpL39_FBtr0072185	358	364	+	2.34694	0.00334	1	GACTTGT
1-crebA		RpL35_FBtr0345788	357	363	-	2.34694	0.00334	1	TACGCGT
1-crebA		RpS15Aa_FBtr0073793	365	371	+	2.34694	0.00334	1	TACCTGG
1-crebA		RpL13_FBtr0079888	362	368	-	2.34694	0.00334	1	GACGTAT
1-crebA		RpS11_FBtr0088006	373	379	-	2.34694	0.00334	1	GAAGTGT
1-crebA		RpL14_FBtr0076633	381	387	-	2.34694	0.00334	1	TATGTGG
1-crebA		RpL14_FBtr0076633	389	395	+	2.34694	0.00334	1	GATGTGT
1-crebA		RpS2_FBtr0345436	395	401	-	2.34694	0.00334	1	TATGTGG
1-crebA		RpS19a_FBtr0345129	401	407	-	2.34694	0.00334	1	TTCGTGT
1-crebA		RpL17_FBtr0070980	413	419	+	2.34694	0.00334	1	TAAGTGG
1-crebA		RpL36_FBtr0070156	409	415	-	2.34694	0.00334	1	GAAGTGT
1-crebA		RpS27A_FBtr0080016	415	421	-	2.34694	0.00334	1	TACGCGT
1-crebA		RpL26_FBtr0333709	428	434	+	2.34694	0.00334	1	GAAGTGT
1-crebA		RpS2_FBtr0079905	426	432	-	2.34694	0.00334	1	TATGTGG
1-crebA		RpS7_FBtr0089425	436	442	-	2.34694	0.00334	1	TACGTCG
1-crebA		RpS27_FBtr0084868	445	451	-	2.34694	0.00334	1	TCCGTGT
1-crebA		RpL24_FBtr0345449	446	452	-	2.34694	0.00334	1	TTCGTGT
1-crebA		RpS30_FBtr0083970	466	472	-	2.34694	0.00334	1	GACTTGT
1-crebA		RpS13_FBtr0346454	475	481	+	2.34694	0.00334	1	GACCTGT
1-crebA		RpS15Ab_FBtr0088226	473	479	-	2.34694	0.00334	1	TCCGTGT
1-crebA		RpL17_FBtr0070983	480	486	+	2.34694	0.00334	1	TAAGTGG
1-crebA		RpL24_FBtr0080524	485	491	-	2.34694	0.00334	1	TTCGTGT
1-crebA		RpS27_FBtr0304693	487	493	-	2.34694	0.00334	1	TCCGTGT
1-crebA		RpS8_FBtr0085489	496	502	+	2.34694	0.00334	1	TGCGTGT
1-crebA		RpL10_FBtr0299869	498	504	-	2.34694	0.00334	1	TTCGTGT
1-crebA		RpL22-like_FBtr0072049	510	516	+	2.34694	0.00334	1	TCCGTGT
1-crebA		RpS7_FBtr0089422	508	514	-	2.34694	0.00334	1	TACGTCG
1-crebA		RpS3A_FBtr0089175	514	520	+	2.34694	0.00334	1	GACGTAT
1-crebA		RpS19b_FBtr0084519	517	523	+	2.34694	0.00334	1	GACGTTT
1-crebA		RpS3A_FBtr0089175	518	524	+	2.34694	0.00334	1	TATGTGG
1-crebA		RpS3A_FBtr0089175	513	519	-	2.34694	0.00334	1	TACGTCG
1-crebA		RpS7_FBtr0089423	514	520	-	2.34694	0.00334	1	TACGTCG
1-crebA		RpL27_FBtr0084932	520	526	-	2.34694	0.00334	1	GACGTTT
1-crebA		RpS8_FBtr0310274	526	532	+	2.34694	0.00334	1	TGCGTGT
1-crebA		RpL32_FBtr0085592	528	534	+	2.34694	0.00334	1	TACGTCG
1-crebA		RpS13_FBtr0079724	528	534	+	2.34694	0.00334	1	GACCTGT
1-crebA		RpL32_FBtr0085592	527	533	-	2.34694	0.00334	1	GACGTAT
1-crebA		RpS10b_FBtr0074732	540	546	+	2.34694	0.00334	1	TGCGTGT
1-crebA		RpS13_FBtr0100541	541	547	+	2.34694	0.00334	1	GACCTGT
1-crebA		RpL22-like_FBtr0072049	542	548	+	2.34694	0.00334	1	TACGTAG
1-crebA		RpS10b_FBtr0344339	543	549	+	2.34694	0.00334	1	TACGAGT
1-crebA		RpL17_FBtr0345292	538	544	-	2.34694	0.00334	1	GATGTGT
1-crebA		RpL32_FBtr0085593	549	555	+	2.34694	0.00334	1	TACGTCG
1-crebA		RpS10b_FBtr0074731	549	555	+	2.34694	0.00334	1	TGCGTGT
1-crebA		RpS8_FBtr0346159	545	551	-	2.34694	0.00334	1	GACATGT
1-crebA		RpS5a_FBtr0074406	546	552	-	2.34694	0.00334	1	TGCGTGT
1-crebA		RpL32_FBtr0085593	548	554	-	2.34694	0.00334	1	GACGTAT
1-crebA		RpL30_FBtr0302491	562	568	-	2.34694	0.00334	1	TGCGTGT
1-crebA		RpS16_FBtr0071855	572	578	+	2.34694	0.00334	1	TTCGTGT
1-crebA		RpS3A_FBtr0089175	577	583	+	2.34694	0.00334	1	GACCTGT
1-crebA		RpL3_FBtr0082347	581	587	+	2.34694	0.00334	1	GATGTGT
1-crebA		RpL26_FBtr0075066	581	587	-	2.34694	0.00334	1	TATGTGG
1-crebA		RpS9_FBtr0076423	595	601	+	2.34694	0.00334	1	GACATGT
1-crebA		RpL28_FBtr0302300	589	595	-	2.34694	0.00334	1	TACATGG
1-crebA		RpS3A_FBtr0089175	597	603	+	2.34694	0.00334	1	TCCGTGT
1-crebA		RpS27_FBtr0084868	599	605	+	2.34694	0.00334	1	TTCGTGT
1-crebA		RpS10a_FBtr0085194	610	616	+	2.34694	0.00334	1	TACGAGT
1-crebA		RpS7_FBtr0089425	615	621	+	2.34694	0.00334	1	GAAGTGT
1-crebA		RpL32_FBtr0085594	621	627	+	2.34694	0.00334	1	TACGTCG
1-crebA		RpS16_FBtr0343002	618	624	-	2.34694	0.00334	1	GAAGTGT
1-crebA		RpL32_FBtr0085594	620	626	-	2.34694	0.00334	1	GACGTAT
1-crebA		RpL40_FBtr0077470	631	637	+	2.34694	0.00334	1	GACGTAT
1-crebA		RpS27A_FBtr0080016	631	637	+	2.34694	0.00334	1	TACGAGT
1-crebA		RpL41_FBtr0100231	628	634	-	2.34694	0.00334	1	TATGTGG
1-crebA		RpS10b_FBtr0074732	634	640	+	2.34694	0.00334	1	TTCGTGT
1-crebA		RpL30_FBtr0081181	631	637	-	2.34694	0.00334	1	TGCGTGT
1-crebA		RpS7_FBtr0089425	640	646	+	2.34694	0.00334	1	TGCGTGT
1-crebA		RpS27_FBtr0304693	641	647	+	2.34694	0.00334	1	TTCGTGT
1-crebA		RpS10b_FBtr0074731	643	649	+	2.34694	0.00334	1	TTCGTGT
1-crebA		RpL13_FBtr0100164	642	648	-	2.34694	0.00334	1	TACGGGT
1-crebA		RpL36_FBtr0345321	652	658	+	2.34694	0.00334	1	GAGGTGT
1-crebA		RpS19a_FBtr0340149	648	654	-	2.34694	0.00334	1	TTCGTGT
1-crebA		RpL10_FBtr0299869	654	660	+	2.34694	0.00334	1	TTCGTGT
1-crebA		RpL13_FBtr0079888	659	665	-	2.34694	0.00334	1	TACGGGT
1-crebA		RpS10b_FBtr0074732	663	669	-	2.34694	0.00334	1	TACCTGG
1-crebA		RpS12_FBtr0075878	670	676	+	2.34694	0.00334	1	GATGTGT
1-crebA		RpS20_FBtr0083964	664	670	-	2.34694	0.00334	1	TTCGTGT
1-crebA		RpS10b_FBtr0074731	672	678	-	2.34694	0.00334	1	TACCTGG
1-crebA		RpS7_FBtr0089422	687	693	+	2.34694	0.00334	1	GAAGTGT
1-crebA		RpS27_FBtr0084868	689	695	+	2.34694	0.00334	1	GACGTAT
1-crebA		RpS7_FBtr0089423	693	699	+	2.34694	0.00334	1	GAAGTGT
1-crebA		RpS27_FBtr0084868	688	694	-	2.34694	0.00334	1	TACGTCG
1-crebA		RpS19a_FBtr0345129	693	699	-	2.34694	0.00334	1	TATGTGG
1-crebA		RpL18A_FBtr0086947	701	707	-	2.34694	0.00334	1	TACTTGG
1-crebA		RpL21_FBtr0345541	708	714	+	2.34694	0.00334	1	GAAGTGT
1-crebA		RpS30_FBtr0083969	703	709	-	2.34694	0.00334	1	GACTTGT
1-crebA		RpL10_FBtr0299869	705	711	-	2.34694	0.00334	1	GACGTTT
1-crebA		RpS7_FBtr0089422	712	718	+	2.34694	0.00334	1	TGCGTGT
1-crebA		RpS20_FBtr0083964	706	712	-	2.34694	0.00334	1	TAAGTGG
1-crebA		RpS7_FBtr0089423	718	724	+	2.34694	0.00334	1	TGCGTGT
1-crebA		RpS27_FBtr0304693	731	737	+	2.34694	0.00334	1	GACGTAT
1-crebA		RpL26_FBtr0075066	732	738	+	2.34694	0.00334	1	TTCGTGT
1-crebA		RpL13_FBtr0100164	733	739	+	2.34694	0.00334	1	TACGAGT
1-crebA		RpL10Ab_FBtr0076032	736	742	+	2.34694	0.00334	1	TATGTGG
1-crebA		RpS27_FBtr0304693	730	736	-	2.34694	0.00334	1	TACGTCG
1-crebA		RpL7_FBtr0079946	739	745	-	2.34694	0.00334	1	GACGTTT
1-crebA		RpL13_FBtr0079888	750	756	+	2.34694	0.00334	1	TACGAGT
1-crebA		RpL21_FBtr0085961	750	756	+	2.34694	0.00334	1	GAAGTGT
1-crebA		RpS19a_FBtr0345129	746	752	-	2.34694	0.00334	1	TTCGTGT
1-crebA		RpS12_FBtr0075878	752	758	+	2.34694	0.00334	1	TCCGTGT
1-crebA		RpL36A_FBtr0345332	751	757	-	2.34694	0.00334	1	TACGTAG
1-crebA		RpS7_FBtr0339183	762	768	-	2.34694	0.00334	1	TACGTCG
1-crebA		RpS30_FBtr0346148	784	790	-	2.34694	0.00334	1	GACTTGT
1-crebA		RpS4_FBtr0075885	793	799	-	2.34694	0.00334	1	TAAGTGG
1-crebA		RpL28_FBtr0073098	796	802	-	2.34694	0.00334	1	TACATGG
1-crebA		RpS8_FBtr0085489	799	805	-	2.34694	0.00334	1	TACCTGG
1-crebA		RpL36A_FBtr0079546	801	807	-	2.34694	0.00334	1	TACGTAG
1-crebA		RpL38_FBtr0334985	808	814	+	2.34694	0.00334	1	TAAGTGG
1-crebA		RpS8_FBtr0346159	811	817	+	2.34694	0.00334	1	TGCGTGT
1-crebA		RpL26_FBtr0333709	810	816	-	2.34694	0.00334	1	TATGTGG
1-crebA		RpL18_FBtr0076892	821	827	+	2.34694	0.00334	1	TACATGG
1-crebA		RpS9_FBtr0076425	821	827	+	2.34694	0.00334	1	GACATGT
1-crebA		RpS8_FBtr0310274	829	835	-	2.34694	0.00334	1	TACCTGG
1-crebA		RpL8_FBtr0072924	837	843	+	2.34694	0.00334	1	TCCGTGT
1-crebA		RpL7_FBtr0343653	835	841	-	2.34694	0.00334	1	GACGTTT
1-crebA		RpS4_FBtr0075884	838	844	-	2.34694	0.00334	1	TAAGTGG
1-crebA		RpL18_FBtr0333370	853	859	+	2.34694	0.00334	1	TACATGG
1-crebA		RpL38_FBtr0334985	855	861	-	2.34694	0.00334	1	TAAGTGG
1-crebA		RpL24-like_FBtr0082403	858	864	-	2.34694	0.00334	1	GATGTGT
1-crebA		RpL27A_FBtr0335136	868	874	+	2.34694	0.00334	1	GAAGTGT
1-crebA		RpL10_FBtr0299869	876	882	-	2.34694	0.00334	1	GAAGTGT
1-crebA		RpS28a_FBtr0085601	880	886	-	2.34694	0.00334	1	GACGTAT
1-crebA		RpL27A_FBtr0345285	888	894	+	2.34694	0.00334	1	GAAGTGT
1-crebA		RpS7_FBtr0089425	891	897	-	2.34694	0.00334	1	TAAGTGG
1-crebA		RpS26_FBtr0081090	894	900	-	2.34694	0.00334	1	TACGGGT
1-crebA		RpS5a_FBtr0345132	907	913	-	2.34694	0.00334	1	GACGTTT
1-crebA		RpL18_FBtr0345036	915	921	+	2.34694	0.00334	1	TACATGG
1-crebA		RpL27A_FBtr0077452	915	921	+	2.34694	0.00334	1	GAAGTGT
1-crebA		RpL5_FBtr0344793	925	931	+	2.34694	0.00334	1	GAAGTGT
1-crebA		RpL23_FBtr0071897	926	932	+	2.34694	0.00334	1	GACATGT
1-crebA		RpL15_FBtr0113742	921	927	-	2.34694	0.00334	1	TACGTAG
1-crebA		RpS3_FBtr0084410	928	934	+	2.34694	0.00334	1	TCCGTGT
1-crebA		RpS10b_FBtr0074732	928	934	+	2.34694	0.00334	1	TACGAGT
1-crebA		RpL15_FBtr0308333	922	928	-	2.34694	0.00334	1	TACGTAG
1-crebA		RpL36_FBtr0070155	924	930	-	2.34694	0.00334	1	TACGGGT
1-crebA		RpL24-like_FBtr0082403	927	933	-	2.34694	0.00334	1	TGCGTGT
1-crebA		RpS20_FBtr0083964	936	942	+	2.34694	0.00334	1	TACCTGG
1-crebA		RpS10b_FBtr0074731	937	943	+	2.34694	0.00334	1	TACGAGT
1-crebA		RpL36_FBtr0345321	931	937	-	2.34694	0.00334	1	GAAGTGT
1-crebA		RpS15Ab_FBtr0088226	938	944	+	2.34694	0.00334	1	TACGTTG
1-crebA		RpS7_FBtr0339183	941	947	+	2.34694	0.00334	1	GAAGTGT
1-crebA		RpL9_FBtr0080163	943	949	+	2.34694	0.00334	1	TACGCGT
1-crebA		RpS19a_FBtr0340149	940	946	-	2.34694	0.00334	1	TATGTGG
1-crebA		RpS26_FBtr0081091	943	949	-	2.34694	0.00334	1	TACGGGT
1-crebA		RpS16_FBtr0343002	954	960	+	2.34694	0.00334	1	TTCGTGT
1-crebA		RpL24-like_FBtr0082403	950	956	-	2.34694	0.00334	1	TACATGG
1-crebA		RpL26_FBtr0075066	957	963	+	2.34694	0.00334	1	TACGTCG
1-crebA		RpL26_FBtr0333709	961	967	+	2.34694	0.00334	1	TTCGTGT
1-crebA		RpL7_FBtr0079946	956	962	-	2.34694	0.00334	1	GACTTGT
1-crebA		RpS7_FBtr0339183	966	972	+	2.34694	0.00334	1	TGCGTGT
1-crebA		RpS7_FBtr0089422	963	969	-	2.34694	0.00334	1	TAAGTGG
1-crebA		RpS7_FBtr0089423	969	975	-	2.34694	0.00334	1	TAAGTGG
1-crebA		RpS5a_FBtr0074406	978	984	+	2.34694	0.00334	1	TAAGTGG
1-crebA		RpL13A_FBtr0078705	972	978	-	2.34694	0.00334	1	TACTTGG
1-crebA		RpL9_FBtr0080164	979	985	+	2.34694	0.00334	1	TACGCGT
1-crebA		RpS5a_FBtr0074406	992	998	+	2.34694	0.00334	1	TATGTGG
1-crebA		RpL36_FBtr0070156	991	997	-	2.34694	0.00334	1	TACGGGT
1-crebA		RpS19a_FBtr0340149	993	999	-	2.34694	0.00334	1	TTCGTGT
1-crebA		RpS9_FBtr0076423	4	10	+	2.06122	0.00401	1	TATGTGT
1-crebA		RpS18_FBtr0086273	11	17	+	2.06122	0.00401	1	TACATGT
1-crebA		RpS7_FBtr0089422	19	25	-	2.06122	0.00401	1	TACATGT
1-crebA		RpS7_FBtr0089423	25	31	-	2.06122	0.00401	1	TACATGT
1-crebA		RpL5_FBtr0332633	32	38	-	2.06122	0.00401	1	TACGTTT
1-crebA		RpL17_FBtr0345292	34	40	-	2.06122	0.00401	1	TACCTGT
1-crebA		RpL10_FBtr0299869	41	47	+	2.06122	0.00401	1	TACTTGT
1-crebA		RpS23_FBtr0339970	46	52	-	2.06122	0.00401	1	TACGTTT
1-crebA		RpL41_FBtr0100231	53	59	+	2.06122	0.00401	1	TACGTTT
1-crebA		RpL41_FBtr0100231	48	54	-	2.06122	0.00401	1	TACATGT
1-crebA		RpL26_FBtr0075066	54	60	-	2.06122	0.00401	1	TACGTTT
1-crebA		RpL5_FBtr0332633	65	71	+	2.06122	0.00401	1	TACTTGT
1-crebA		RpS10b_FBtr0344339	62	68	-	2.06122	0.00401	1	TATGTGT
1-crebA		RpL18_FBtr0076892	69	75	+	2.06122	0.00401	1	TACTTGT
1-crebA		RpL5_FBtr0111129	69	75	-	2.06122	0.00401	1	TACGTTT
1-crebA		RpL18_FBtr0333370	101	107	+	2.06122	0.00401	1	TACTTGT
1-crebA		RpL5_FBtr0111129	102	108	+	2.06122	0.00401	1	TACTTGT
1-crebA		RpS19a_FBtr0345129	131	137	-	2.06122	0.00401	1	TATGTGT
1-crebA		RpS3A_FBtr0089175	137	143	+	2.06122	0.00401	1	TACTTGT
1-crebA		RpS18_FBtr0086274	139	145	-	2.06122	0.00401	1	TACGTTT
1-crebA		RpS10b_FBtr0074732	151	157	-	2.06122	0.00401	1	TACGTCT
1-crebA		RpL18_FBtr0345036	163	169	+	2.06122	0.00401	1	TACTTGT
1-crebA		RpL38_FBtr0334985	165	171	+	2.06122	0.00401	1	TACTTGT
1-crebA		RpS10b_FBtr0074731	160	166	-	2.06122	0.00401	1	TACGTCT
1-crebA		RpL27_FBtr0084932	166	172	-	2.06122	0.00401	1	TATGTGT
1-crebA		RpL10Ab_FBtr0076032	168	174	-	2.06122	0.00401	1	TATGTGT
1-crebA		RpS27A_FBtr0080016	175	181	+	2.06122	0.00401	1	TACATGT
1-crebA		RpS21_FBtr0335131	178	184	-	2.06122	0.00401	1	TACATGT
1-crebA		RpL10Ab_FBtr0076032	187	193	+	2.06122	0.00401	1	TAAGTGT
1-crebA		RpL3_FBtr0082347	182	188	-	2.06122	0.00401	1	TACTTGT
1-crebA		RpL36_FBtr0070155	201	207	-	2.06122	0.00401	1	TACCTGT
1-crebA		RpS13_FBtr0346454	214	220	+	2.06122	0.00401	1	TACGTCT
1-crebA		RpS21_FBtr0273293	219	225	-	2.06122	0.00401	1	TACATGT
1-crebA		RpS8_FBtr0085489	229	235	+	2.06122	0.00401	1	TACATGT
1-crebA		RpS9_FBtr0076425	230	236	+	2.06122	0.00401	1	TATGTGT
1-crebA		RpL5_FBtr0344793	230	236	-	2.06122	0.00401	1	TATGTGT
1-crebA		RpS18_FBtr0086273	230	236	-	2.06122	0.00401	1	TACGTTT
1-crebA		RpS8_FBtr0310274	259	265	+	2.06122	0.00401	1	TACATGT
1-crebA		RpL6_FBtr0085804	255	261	-	2.06122	0.00401	1	TACTTGT
1-crebA		RpS13_FBtr0079724	267	273	+	2.06122	0.00401	1	TACGTCT
1-crebA		RpL36_FBtr0070156	268	274	-	2.06122	0.00401	1	TACCTGT
1-crebA		RpS7_FBtr0339183	273	279	-	2.06122	0.00401	1	TACATGT
1-crebA		RpS13_FBtr0100541	280	286	+	2.06122	0.00401	1	TACGTCT
1-crebA		RpL26_FBtr0333709	283	289	-	2.06122	0.00401	1	TACGTTT
1-crebA		RpL24-like_FBtr0082403	297	303	-	2.06122	0.00401	1	TACATGT
1-crebA		RpL10Ab_FBtr0076032	305	311	+	2.06122	0.00401	1	TATGTGT
1-crebA		RpL13A_FBtr0078705	320	326	-	2.06122	0.00401	1	TACCTGT
1-crebA		RpL13_FBtr0100164	346	352	+	2.06122	0.00401	1	TACGTCT
1-crebA		RpS30_FBtr0083970	351	357	+	2.06122	0.00401	1	TACCTGT
1-crebA		RpS20_FBtr0083964	360	366	+	2.06122	0.00401	1	TATGTGT
1-crebA		RpL13_FBtr0079888	363	369	+	2.06122	0.00401	1	TACGTCT
1-crebA		RpL17_FBtr0070980	364	370	-	2.06122	0.00401	1	TACGTTT
1-crebA		RpL29_FBtr0071592	375	381	+	2.06122	0.00401	1	TACGTTT
1-crebA		RpS19a_FBtr0340149	378	384	-	2.06122	0.00401	1	TATGTGT
1-crebA		RpL26_FBtr0075066	385	391	-	2.06122	0.00401	1	TACGTTT
1-crebA		RpS2_FBtr0345436	419	425	+	2.06122	0.00401	1	TACTTGT
1-crebA		RpL26_FBtr0075066	415	421	-	2.06122	0.00401	1	TACTTGT
1-crebA		RpL5_FBtr0332633	427	433	-	2.06122	0.00401	1	TATGTGT
1-crebA		RpL17_FBtr0070983	431	437	-	2.06122	0.00401	1	TACGTTT
1-crebA		RpS2_FBtr0079905	450	456	+	2.06122	0.00401	1	TACTTGT
1-crebA		RpS10b_FBtr0074732	447	453	-	2.06122	0.00401	1	TATGTGT
1-crebA		RpS15Ab_FBtr0088226	456	462	+	2.06122	0.00401	1	TAAGTGT
1-crebA		RpS10b_FBtr0074731	456	462	-	2.06122	0.00401	1	TATGTGT
1-crebA		RpL5_FBtr0111129	464	470	-	2.06122	0.00401	1	TATGTGT
1-crebA		RpL5_FBtr0344793	480	486	+	2.06122	0.00401	1	TAGGTGT
1-crebA		RpL29_FBtr0071592	524	530	+	2.06122	0.00401	1	TAAGTGT
1-crebA		RpL17_FBtr0345292	526	532	+	2.06122	0.00401	1	TATGTGT
1-crebA		RpS15_FBtr0087123	522	528	-	2.06122	0.00401	1	TACGTTT
1-crebA		RpL37A_FBtr0079017	533	539	+	2.06122	0.00401	1	TAAGTGT
1-crebA		RpS4_FBtr0075885	539	545	+	2.06122	0.00401	1	TATGTGT
1-crebA		RpL10Ab_FBtr0076032	542	548	+	2.06122	0.00401	1	TAAGTGT
1-crebA		RpS9_FBtr0076423	537	543	-	2.06122	0.00401	1	TATGTGT
1-crebA		RpS8_FBtr0346159	544	550	+	2.06122	0.00401	1	TACATGT
1-crebA		RpL10_FBtr0299869	556	562	+	2.06122	0.00401	1	TAAGTGT
1-crebA		RpL37A_FBtr0302570	576	582	+	2.06122	0.00401	1	TAAGTGT
1-crebA		RpS4_FBtr0075884	584	590	+	2.06122	0.00401	1	TATGTGT
1-crebA		RpS30_FBtr0083969	588	594	+	2.06122	0.00401	1	TACCTGT
1-crebA		RpL24-like_FBtr0082403	598	604	+	2.06122	0.00401	1	TACGTAT
1-crebA		RpS9_FBtr0076423	596	602	-	2.06122	0.00401	1	TACATGT
1-crebA		RpL24-like_FBtr0082403	597	603	-	2.06122	0.00401	1	TACGTAT
1-crebA		RpS6_FBtr0071135	599	605	-	2.06122	0.00401	1	TACGTTT
1-crebA		RpL11_FBtr0086533	609	615	+	2.06122	0.00401	1	TACCTGT
1-crebA		RpL29_FBtr0071592	604	610	-	2.06122	0.00401	1	TACGTTT
1-crebA		RpL28_FBtr0073097	610	616	-	2.06122	0.00401	1	TATGTGT
1-crebA		RpL28_FBtr0073095	612	618	-	2.06122	0.00401	1	TATGTGT
1-crebA		RpL26_FBtr0333709	614	620	-	2.06122	0.00401	1	TACGTTT
1-crebA		RpS8_FBtr0085489	624	630	+	2.06122	0.00401	1	TACGTTT
1-crebA		RpL27_FBtr0084932	622	628	-	2.06122	0.00401	1	TACTTGT
1-crebA		RpL10_FBtr0299869	648	654	+	2.06122	0.00401	1	TATGTGT
1-crebA		RpL26_FBtr0333709	644	650	-	2.06122	0.00401	1	TACTTGT
1-crebA		RpS8_FBtr0310274	654	660	+	2.06122	0.00401	1	TACGTTT
1-crebA		RpL24_FBtr0345449	652	658	-	2.06122	0.00401	1	TATGTGT
1-crebA		RpL28_FBtr0306567	658	664	-	2.06122	0.00401	1	TATGTGT
1-crebA		RpS30_FBtr0346148	669	675	+	2.06122	0.00401	1	TACCTGT
1-crebA		RpL5_FBtr0332633	677	683	+	2.06122	0.00401	1	TAGGTGT
1-crebA		RpS2_FBtr0345436	684	690	+	2.06122	0.00401	1	TATGTGT
1-crebA		RpS27A_FBtr0080016	685	691	-	2.06122	0.00401	1	TACATGT
1-crebA		RpL24_FBtr0080524	691	697	-	2.06122	0.00401	1	TATGTGT
1-crebA		RpL27_FBtr0084932	694	700	-	2.06122	0.00401	1	TAAGTGT
1-crebA		RpL23A_FBtr0072805	705	711	+	2.06122	0.00401	1	TACTTGT
1-crebA		RpS17_FBtr0076479	712	718	+	2.06122	0.00401	1	TACTTGT
1-crebA		RpL5_FBtr0111129	714	720	+	2.06122	0.00401	1	TAGGTGT
1-crebA		RpS2_FBtr0079905	715	721	+	2.06122	0.00401	1	TATGTGT
1-crebA		RpL38_FBtr0334985	723	729	+	2.06122	0.00401	1	TACGTTT
1-crebA		RpS24_FBtr0071935	746	752	+	2.06122	0.00401	1	TACGTTT
1-crebA		RpL36A_FBtr0345332	752	758	+	2.06122	0.00401	1	TACGTAT
1-crebA		RpS9_FBtr0076425	763	769	-	2.06122	0.00401	1	TATGTGT
1-crebA		RpS5a_FBtr0345132	772	778	-	2.06122	0.00401	1	TATGTGT
1-crebA		RpL24_FBtr0345449	785	791	+	2.06122	0.00401	1	TACGTTT
1-crebA		RpS3_FBtr0084410	788	794	+	2.06122	0.00401	1	TAGGTGT
1-crebA		RpL5_FBtr0344793	784	790	-	2.06122	0.00401	1	TACCTGT
1-crebA		RpL36_FBtr0345321	790	796	-	2.06122	0.00401	1	TACCTGT
1-crebA		RpL36A_FBtr0079546	802	808	+	2.06122	0.00401	1	TACGTAT
1-crebA		RpL12_FBtr0072176	820	826	+	2.06122	0.00401	1	TACTTGT
1-crebA		RpL24_FBtr0080524	824	830	+	2.06122	0.00401	1	TACGTTT
1-crebA		RpS9_FBtr0076425	822	828	-	2.06122	0.00401	1	TACATGT
1-crebA		RpS15Aa_FBtr0073792	828	834	+	2.06122	0.00401	1	TATGTGT
1-crebA		RpL27_FBtr0084932	836	842	+	2.06122	0.00401	1	TACGTCT
1-crebA		RpS15Aa_FBtr0073792	839	845	+	2.06122	0.00401	1	TACGTCT
1-crebA		RpL9_FBtr0080163	839	845	+	2.06122	0.00401	1	TACTTGT
1-crebA		RpS9_FBtr0076423	843	849	+	2.06122	0.00401	1	TAAGTGT
1-crebA		RpS9_FBtr0076423	857	863	+	2.06122	0.00401	1	TACGTAT
1-crebA		RpS9_FBtr0076423	863	869	+	2.06122	0.00401	1	TACGTAT
1-crebA		RpS9_FBtr0076423	862	868	-	2.06122	0.00401	1	TACGTAT
1-crebA		RpL9_FBtr0080164	875	881	+	2.06122	0.00401	1	TACTTGT
1-crebA		RpS11_FBtr0088006	884	890	-	2.06122	0.00401	1	TACGTTT
1-crebA		RpS28b_FBtr0071360	886	892	-	2.06122	0.00401	1	TATGTGT
1-crebA		RpS15Aa_FBtr0073793	895	901	+	2.06122	0.00401	1	TATGTGT
1-crebA		RpL12_FBtr0072175	896	902	+	2.06122	0.00401	1	TACTTGT
1-crebA		RpS15Aa_FBtr0073793	906	912	+	2.06122	0.00401	1	TACGTCT
1-crebA		RpL28_FBtr0073097	919	925	+	2.06122	0.00401	1	TACTTGT
1-crebA		RpL28_FBtr0073095	921	927	+	2.06122	0.00401	1	TACTTGT
1-crebA		RpL15_FBtr0113742	922	928	+	2.06122	0.00401	1	TACGTAT
1-crebA		RpL15_FBtr0308333	923	929	+	2.06122	0.00401	1	TACGTAT
1-crebA		RpS8_FBtr0346159	939	945	+	2.06122	0.00401	1	TACGTTT
1-crebA		RpS7_FBtr0089425	937	943	-	2.06122	0.00401	1	TACATGT
1-crebA		RpS26_FBtr0081090	943	949	+	2.06122	0.00401	1	TACTTGT
1-crebA		RpL17_FBtr0345292	966	972	+	2.06122	0.00401	1	TATGTGT
1-crebA		RpL28_FBtr0306567	967	973	+	2.06122	0.00401	1	TACTTGT
1-crebA		RpL8_FBtr0072924	966	972	-	2.06122	0.00401	1	TAGGTGT
1-crebA		RpL13A_FBtr0078705	977	983	+	2.06122	0.00401	1	TACCTGT
1-crebA		RpS5a_FBtr0345132	980	986	+	2.06122	0.00401	1	TACGTTT
1-crebA		RpL5_FBtr0332633	981	987	-	2.06122	0.00401	1	TACCTGT
1-crebA		RpS26_FBtr0081091	992	998	+	2.06122	0.00401	1	TACTTGT
1-crebA		RpL28_FBtr0073098	59	65	-	-5.16327	0.00423	1	AACGTGC
1-crebA		RpL35A_FBtr0078769	79	85	-	-5.16327	0.00423	1	AACGTGA
1-crebA		RpL24-like_FBtr0082403	107	113	-	-5.16327	0.00423	1	AACGTGC
1-crebA		RpS2_FBtr0345436	111	117	-	-5.16327	0.00423	1	AACGTGA
1-crebA		RpS10b_FBtr0344339	139	145	-	-5.16327	0.00423	1	AACGTGA
1-crebA		RpS2_FBtr0079905	142	148	-	-5.16327	0.00423	1	AACGTGA
1-crebA		RpL22_FBtr0070148	146	152	-	-5.16327	0.00423	1	AACGTGA
1-crebA		RpL9_FBtr0080163	173	179	+	-5.16327	0.00423	1	AACGTGC
1-crebA		RpL15_FBtr0113742	177	183	-	-5.16327	0.00423	1	AACGTGA
1-crebA		RpL15_FBtr0308333	178	184	-	-5.16327	0.00423	1	AACGTGA
1-crebA		RpL9_FBtr0080164	209	215	+	-5.16327	0.00423	1	AACGTGC
1-crebA		RpL5_FBtr0344793	208	214	-	-5.16327	0.00423	1	CACGTGA
1-crebA		RpL27A_FBtr0335136	255	261	+	-5.16327	0.00423	1	CACGTGC
1-crebA		RpL27A_FBtr0345285	275	281	+	-5.16327	0.00423	1	CACGTGC
1-crebA		RpL23A_FBtr0072805	281	287	-	-5.16327	0.00423	1	CACGTGC
1-crebA		RpS17_FBtr0076479	286	292	-	-5.16327	0.00423	1	CACGTGC
1-crebA		RpL18_FBtr0076892	290	296	-	-5.16327	0.00423	1	CACGTGC
1-crebA		RpL35A_FBtr0078769	290	296	-	-5.16327	0.00423	1	CACGTGC
1-crebA		RpL27A_FBtr0077452	302	308	+	-5.16327	0.00423	1	CACGTGC
1-crebA		RpL28_FBtr0073097	303	309	-	-5.16327	0.00423	1	CACGTGC
1-crebA		RpL28_FBtr0073095	305	311	-	-5.16327	0.00423	1	CACGTGC
1-crebA		RpL18_FBtr0333370	322	328	-	-5.16327	0.00423	1	CACGTGC
1-crebA		RpS19b_FBtr0084519	328	334	+	-5.16327	0.00423	1	AACGTGC
1-crebA		RpL28_FBtr0306567	351	357	-	-5.16327	0.00423	1	CACGTGC
1-crebA		RpL18_FBtr0345036	384	390	-	-5.16327	0.00423	1	CACGTGC
1-crebA		RpS19b_FBtr0084519	389	395	-	-5.16327	0.00423	1	AACGTGC
1-crebA		RpL24-like_FBtr0082403	391	397	-	-5.16327	0.00423	1	AACGTGC
1-crebA		RpS15Aa_FBtr0073792	410	416	+	-5.16327	0.00423	1	AACGTGA
1-crebA		RpL5_FBtr0332633	405	411	-	-5.16327	0.00423	1	CACGTGA
1-crebA		RpL22-like_FBtr0072049	424	430	+	-5.16327	0.00423	1	CACGTGA
1-crebA		RpL7_FBtr0079946	420	426	-	-5.16327	0.00423	1	CACGTGA
1-crebA		RpS26_FBtr0081090	422	428	-	-5.16327	0.00423	1	AACGTGA
1-crebA		RpL8_FBtr0072924	428	434	-	-5.16327	0.00423	1	AACGTGC
1-crebA		RpL29_FBtr0071592	441	447	-	-5.16327	0.00423	1	CACGTGA
1-crebA		RpL5_FBtr0111129	442	448	-	-5.16327	0.00423	1	CACGTGA
1-crebA		RpS13_FBtr0346454	449	455	-	-5.16327	0.00423	1	AACGTGC
1-crebA		RpL11_FBtr0086533	454	460	-	-5.16327	0.00423	1	CACGTGC
1-crebA		RpS10a_FBtr0085194	466	472	+	-5.16327	0.00423	1	AACGTGA
1-crebA		RpL24-like_FBtr0082403	464	470	-	-5.16327	0.00423	1	CACGTGC
1-crebA		RpS15Aa_FBtr0073793	477	483	+	-5.16327	0.00423	1	AACGTGA
1-crebA		RpS26_FBtr0081091	471	477	-	-5.16327	0.00423	1	AACGTGA
1-crebA		RpS9_FBtr0076423	478	484	-	-5.16327	0.00423	1	AACGTGA
1-crebA		RpS15Aa_FBtr0073792	494	500	+	-5.16327	0.00423	1	AACGTGC
1-crebA		RpL7_FBtr0079946	491	497	-	-5.16327	0.00423	1	AACGTGC
1-crebA		RpS13_FBtr0079724	502	508	-	-5.16327	0.00423	1	AACGTGC
1-crebA		RpS3A_FBtr0089175	504	510	-	-5.16327	0.00423	1	AACGTGA
1-crebA		RpS13_FBtr0100541	515	521	-	-5.16327	0.00423	1	AACGTGC
1-crebA		RpL7_FBtr0343653	516	522	-	-5.16327	0.00423	1	CACGTGA
1-crebA		RpL10Ab_FBtr0076032	518	524	-	-5.16327	0.00423	1	AACGTGC
1-crebA		RpS10b_FBtr0074732	524	530	-	-5.16327	0.00423	1	AACGTGA
1-crebA		RpS5a_FBtr0345132	528	534	-	-5.16327	0.00423	1	CACGTGA
1-crebA		RpS10b_FBtr0074731	533	539	-	-5.16327	0.00423	1	AACGTGA
1-crebA		RpL24_FBtr0345449	540	546	+	-5.16327	0.00423	1	CACGTGC
1-crebA		RpL40_FBtr0077470	538	544	-	-5.16327	0.00423	1	AACGTGC
1-crebA		RpL35_FBtr0070801	544	550	+	-5.16327	0.00423	1	CACGTGC
1-crebA		RpS28b_FBtr0071360	546	552	+	-5.16327	0.00423	1	CACGTGA
1-crebA		RpS28b_FBtr0071360	545	551	-	-5.16327	0.00423	1	CACGTGC
1-crebA		RpS15Aa_FBtr0073793	561	567	+	-5.16327	0.00423	1	AACGTGC
1-crebA		RpS4_FBtr0075885	562	568	+	-5.16327	0.00423	1	CACGTGC
1-crebA		RpL8_FBtr0072924	565	571	+	-5.16327	0.00423	1	CACGTGC
1-crebA		RpL24_FBtr0080524	579	585	+	-5.16327	0.00423	1	CACGTGC
1-crebA		RpS15Ab_FBtr0088226	587	593	-	-5.16327	0.00423	1	AACGTGA
1-crebA		RpL7_FBtr0343653	587	593	-	-5.16327	0.00423	1	AACGTGC
1-crebA		RpL37A_FBtr0079017	593	599	+	-5.16327	0.00423	1	CACGTGC
1-crebA		RpL37A_FBtr0079017	592	598	-	-5.16327	0.00423	1	CACGTGA
1-crebA		RpS4_FBtr0075884	607	613	+	-5.16327	0.00423	1	CACGTGC
1-crebA		RpL38_FBtr0334985	605	611	-	-5.16327	0.00423	1	AACGTGA
1-crebA		RpS10b_FBtr0344339	633	639	+	-5.16327	0.00423	1	CACGTGA
1-crebA		RpS29_FBtr0082136	629	635	-	-5.16327	0.00423	1	AACGTGC
1-crebA		RpL37A_FBtr0302570	636	642	+	-5.16327	0.00423	1	CACGTGC
1-crebA		RpS10b_FBtr0344339	632	638	-	-5.16327	0.00423	1	CACGTGC
1-crebA		RpL37A_FBtr0302570	635	641	-	-5.16327	0.00423	1	CACGTGA
1-crebA		RpS20_FBtr0083964	679	685	+	-5.16327	0.00423	1	CACGTGC
1-crebA		RpS20_FBtr0083964	678	684	-	-5.16327	0.00423	1	CACGTGC
1-crebA		RpS29_FBtr0334681	684	690	-	-5.16327	0.00423	1	AACGTGC
1-crebA		RpL13A_FBtr0078705	703	709	+	-5.16327	0.00423	1	CACGTGC
1-crebA		RpS28b_FBtr0071360	708	714	+	-5.16327	0.00423	1	AACGTGA
1-crebA		RpS16_FBtr0071855	709	715	+	-5.16327	0.00423	1	CACGTGC
1-crebA		RpS9_FBtr0076425	704	710	-	-5.16327	0.00423	1	AACGTGA
1-crebA		RpL14_FBtr0076633	712	718	-	-5.16327	0.00423	1	CACGTGA
1-crebA		RpS8_FBtr0085489	725	731	+	-5.16327	0.00423	1	AACGTGC
1-crebA		RpS10a_FBtr0085194	730	736	-	-5.16327	0.00423	1	CACGTGA
1-crebA		RpS8_FBtr0310274	755	761	+	-5.16327	0.00423	1	AACGTGC
1-crebA		RpS28b_FBtr0071360	760	766	+	-5.16327	0.00423	1	AACGTGA
1-crebA		RpL28_FBtr0302300	761	767	-	-5.16327	0.00423	1	CACGTGC
1-crebA		RpL35_FBtr0070800	798	804	+	-5.16327	0.00423	1	CACGTGC
1-crebA		RpL36_FBtr0070155	821	827	+	-5.16327	0.00423	1	CACGTGC
1-crebA		RpS20_FBtr0083964	822	828	+	-5.16327	0.00423	1	AACGTGC
1-crebA		RpL36_FBtr0070155	820	826	-	-5.16327	0.00423	1	CACGTGC
1-crebA		RpL8_FBtr0072924	852	858	+	-5.16327	0.00423	1	CACGTGA
1-crebA		RpL8_FBtr0072924	851	857	-	-5.16327	0.00423	1	CACGTGC
1-crebA		RpL22_FBtr0070148	870	876	+	-5.16327	0.00423	1	AACGTGC
1-crebA		RpL35_FBtr0345788	877	883	+	-5.16327	0.00423	1	CACGTGC
1-crebA		RpL36_FBtr0070156	888	894	+	-5.16327	0.00423	1	CACGTGC
1-crebA		RpL36_FBtr0070156	887	893	-	-5.16327	0.00423	1	CACGTGC
1-crebA		RpL17_FBtr0345292	920	926	+	-5.16327	0.00423	1	CACGTGC
1-crebA		RpL8_FBtr0072924	942	948	+	-5.16327	0.00423	1	AACGTGC
1-crebA		RpL28_FBtr0073098	968	974	-	-5.16327	0.00423	1	CACGTGC

# FIMO (Find Individual Motif Occurrences): Version 5.5.5 compiled on Dec  8 2023 at 21:34:27
# The format of this file is described at https://meme-suite.org/meme/doc/fimo-output-format.html#tsv_results.
# fimo --thresh 0.005 --oc fimo_files fimo_files/motifs.txt fimo_files/sequences.txt
